0,19.4
1,4.2
2,19.8
3,5.1
4,8.0
5,5.3
6,23.8
7,7.6
8,7.8
9,13.6
10,14.6
11,25.4
12,15.6
13,6.2
14,3.3
15,16.7
16,4.2
17,3.9
18,5.2
19,9.9
20,5.6
21,5.5
22,5.9
23,3.9
24,4.2
25,3.5
26,8.2
27,4.4
28,8.2
29,5.5
30,14.5
31,7.4
32,6.6
33,3.0
34,4.9
35,14.3
36,5.7
37,4.6
38,12.5
39,13.1
40,7.7
41,11.7
42,4.5
43,21.8
44,4.1
45,17.7
46,22.6
47,5.2
48,7.4
49,6.6
50,4.7
51,15.6
52,3.7
53,6.3
54,29.8
55,4.1
56,12.3
57,2.3
58,8.3
59,4.1
60,17.3
61,5.5
62,4.9
63,15.0
64,14.9
65,4.0
66,2.1
67,5.5
68,9.1
69,10.8
70,13.5
71,3.7
72,8.1
73,16.0
74,3.4
75,21.7
76,3.9
77,3.3
78,29.1
79,5.6
80,17.4
81,7.6
82,7.6
83,38.9
84,38.9
85,5.3
86,13.2
87,9.1
88,4.9
89,18.7
90,8.7
91,8.5
92,28.0
93,6.1
94,9.4
95,5.4
96,5.4
97,5.4
98,7.6
99,7.6
100,7.6
101,10.2
102,8.6
103,8.7
104,27.0
105,10.7
106,17.0
107,13.6
108,15.9
109,27.2
110,7.9
111,19.8
112,31.1
113,17.6
114,21.5
115,30.8
116,3.6
117,24.6
118,18.2
119,14.9
120,9.2
121,9.0
122,12.6
123,18.8
124,5.4
125,3.8
126,2.6
127,6.5
128,4.1
129,4.8
130,8.6
131,8.6
132,8.6
133,3.7
134,3.7
135,3.7
136,8.6
137,3.8
138,16.9
139,5.3
140,3.4
141,5.4
142,5.3
143,3.8
144,4.5
145,11.7
146,7.3
147,11.5
148,10.7
149,9.5
150,3.9
151,4.3
152,12.2
153,8.9
154,1.6
155,17.1
156,3.5
157,22.1
158,8.1
159,8.1
160,8.1
161,9.7
162,9.7
163,9.7
164,10.4
165,6.3
166,9.0
167,6.1
168,15.3
169,2.5
170,13.8
171,5.5
172,5.2
173,5.0
174,10.4
175,2.1
176,19.9
177,23.9
178,4.2
179,11.8
180,14.0
181,7.0
182,8.8
183,4.9
184,10.6
185,4.2
186,8.2
187,4.7
188,4.7
189,7.2
190,7.2
191,10.7
192,13.6
193,9.3
194,17.6
195,6.2
196,16.4
197,7.1
198,28.9
199,8.0
200,4.3
201,5.1
202,6.0
203,13.9
204,27.4
205,5.1
206,15.7
207,14.9
208,14.9
209,10.9
210,10.9
211,4.3
212,5.0
213,29.9
214,7.9
215,16.2
216,7.4
217,19.7
218,3.9
219,9.7
220,9.7
221,9.7
222,9.1
223,9.1
224,9.1
225,25.0
226,19.1
227,3.3
228,2.2
229,8.3
230,6.1
231,5.2
232,7.4
233,21.6
234,4.6
235,5.8
236,15.1
237,11.0
238,13.2
239,10.4
240,20.5
241,5.6
242,7.4
243,3.3
244,2.2
245,2.9
246,2.6
247,4.1
248,3.0
249,11.2
250,6.2
251,5.9
252,7.1
253,5.3
254,16.7
255,14.7
256,8.8
257,14.4
258,27.4
259,27.4
260,27.4
261,5.2
262,5.2
263,5.2
264,4.3
265,11.7
266,11.2
267,4.7
268,6.1
269,4.4
270,8.5
271,5.5
272,3.0
273,2.4
274,11.6
275,5.1
276,11.0
277,4.9
278,7.3
279,15.8
280,19.3
281,7.1
282,6.1
283,4.6
284,15.3
285,6.1
286,14.1
287,3.6
288,7.4
289,3.8
290,3.5
291,20.3
292,20.5
293,9.2
294,12.8
295,9.4
296,5.2
297,11.3
298,22.5
299,13.9
300,17.4
301,5.2
302,11.0
303,15.5
304,4.9
305,9.8
306,8.7
307,26.0
308,7.7
309,6.5
310,12.2
311,7.7
312,22.9
313,14.3
314,14.3
315,14.3
316,21.4
317,7.1
318,9.5
319,7.7
320,19.5
321,8.8
322,11.6
323,4.7
324,12.5
325,1.9
326,10.4
327,11.8
328,6.8
329,4.9
330,6.6
331,13.8
332,14.2
333,3.9
334,7.6
335,13.3
336,22.0
337,10.4
338,6.0
339,8.3
340,7.4
341,7.2
342,4.2
343,4.2
344,6.4
345,9.6
346,23.6
347,9.5
348,8.5
349,3.5
350,3.5
351,3.5
352,22.9
353,22.9
354,22.9
355,13.3
356,11.6
357,3.3
358,11.0
359,2.4
360,7.7
361,8.5
362,6.3
363,18.4
364,10.6
365,3.5
366,5.0
367,3.4
368,4.2
369,4.5
370,12.4
371,9.0
372,8.0
373,2.8
374,4.4
375,5.1
376,11.0
377,10.0
378,10.0
379,10.0
380,11.2
381,6.6
382,9.5
383,2.6
384,5.1
385,2.8
386,10.7
387,5.6
388,4.1
389,4.1
390,5.9
391,5.9
392,11.4
393,3.2
394,11.5
395,3.9
396,8.2
397,4.4
398,6.4
399,17.4
400,19.7
401,5.3
402,4.8
403,4.8
404,4.8
405,12.1
406,12.1
407,12.1
408,12.2
409,12.2
410,12.2
411,4.2
412,14.0
413,4.4
414,3.6
415,20.5
416,4.1
417,30.4
418,13.7
419,19.8
420,10.7
421,4.6
422,10.3
423,11.6
424,5.2
425,4.8
426,5.0
427,4.2
428,13.0
429,3.4
430,23.1
431,4.4
432,30.5
433,6.3
434,5.8
435,10.0
436,7.9
437,4.5
438,5.6
439,6.6
440,19.5
441,11.3
442,2.7
443,7.6
444,4.1
445,14.7
446,3.6
447,9.5
448,3.4
449,31.7
450,4.5
451,6.3
452,9.8
453,14.8
454,3.6
455,11.5
456,15.7
457,8.2
458,4.2
459,7.8
460,11.6
461,22.6
462,22.6
463,22.6
464,24.8
465,7.9
466,5.5
467,13.8
468,10.7
469,12.4
470,6.0
471,9.4
472,3.1
473,13.8
474,6.7
475,9.3
476,18.6
477,4.4
478,4.4
479,4.4
480,4.0
481,4.0
482,4.0
483,11.7
484,6.1
485,4.9
486,6.8
487,9.8
488,4.4
489,12.4
490,4.8
491,4.6
492,5.2
493,9.4
494,15.4
495,2.1
496,17.0
497,11.0
498,9.7
499,8.6
500,10.9
501,10.5
502,5.3
503,28.3
504,19.6
505,5.8
506,5.4
507,8.6
508,8.8
509,23.1
510,15.0
511,10.2
512,2.6
513,2.6
514,10.5
515,28.3
516,3.9
517,15.6
518,13.9
519,7.5
520,6.7
521,5.4
522,2.5
523,24.6
524,3.7
525,11.0
526,10.1
527,5.7
528,3.9
529,3.3
530,9.7
531,5.2
532,4.6
533,4.8
534,19.7
535,11.7
536,9.3
537,12.9
538,11.8
539,5.2
540,9.0
541,6.3
542,4.5
543,25.1
544,3.7
545,8.9
546,5.9
547,8.1
548,3.7
549,19.3
550,20.0
551,7.4
552,6.4
553,6.4
554,6.4
555,20.6
556,20.6
557,20.6
558,22.9
559,13.4
560,8.5
561,7.0
562,4.6
563,2.0
564,7.7
565,32.7
566,11.6
567,7.6
568,27.6
569,4.9
570,19.0
571,14.0
572,14.0
573,8.0
574,8.0
575,6.8
576,8.4
577,5.1
578,5.1
579,2.3
580,7.9
581,2.2
582,12.1
583,7.7
584,3.9
585,15.2
586,10.2
587,10.7
588,5.2
589,3.7
590,18.0
591,2.3
592,2.3
593,2.3
594,16.1
595,16.1
596,16.1
597,10.5
598,10.5
599,10.5
600,18.7
601,13.5
602,6.8
603,6.3
604,2.5
605,2.4
606,6.0
607,4.9
608,8.3
609,10.3
610,7.1
611,7.1
612,7.5
613,7.6
614,7.6
615,8.6
616,8.6
617,25.9
618,25.9
619,7.0
620,7.0
621,5.4
622,3.1
623,7.9
624,10.9
625,8.0
626,10.0
627,12.3
628,19.3
629,4.5
630,7.8
631,7.8
632,7.8
633,12.7
634,12.7
635,12.7
636,14.3
637,12.4
638,31.8
639,10.8
640,28.0
641,22.1
642,29.5
643,12.1
644,22.8
645,31.6
646,12.0
647,4.4
648,9.1
649,7.2
650,6.2
651,8.4
652,9.8
653,4.6
654,9.7
655,18.3
656,5.2
657,4.9
658,3.7
659,6.8
660,3.2
661,3.5
662,7.2
663,14.7
664,30.7
665,23.7
666,11.2
667,9.2
668,5.7
669,16.9
670,4.3
671,10.0
672,14.8
673,5.6
674,4.6
675,2.8
676,7.6
677,5.6
678,18.1
679,19.2
680,4.4
681,6.9
682,21.4
683,15.4
684,14.5
685,4.9
686,21.5
687,4.5
688,23.9
689,5.4
690,13.7
691,12.5
692,2.7
693,18.7
694,15.7
695,18.8
696,14.0
697,3.1
698,21.6
699,21.6
700,13.9
701,12.0
702,8.4
703,15.2
704,4.7
705,14.1
706,17.8
707,6.0
708,12.8
709,6.0
710,18.0
711,18.0
712,18.0
713,3.5
714,20.5
715,6.9
716,14.7
717,7.6
718,9.6
719,4.1
720,25.2
721,5.2
722,4.7
723,3.2
724,10.2
725,8.9
726,7.9
727,16.9
728,4.7
729,8.0
730,6.3
731,17.7
732,11.9
733,15.2
734,6.4
735,9.3
736,13.1
737,26.7
738,26.9
739,12.4
740,3.3
741,18.3
742,22.3
743,5.0
744,13.4
745,10.0
746,17.8
747,7.3
748,10.5
749,3.0
750,8.1
751,8.1
752,5.2
753,5.2
754,19.7
755,22.5
756,4.9
757,33.5
758,17.5
759,8.8
760,4.2
761,19.5
762,23.7
763,11.9
764,9.9
765,5.8
766,22.0
767,22.0
768,22.0
769,10.5
770,10.5
771,10.5
772,19.8
773,8.9
774,13.8
775,14.4
776,7.9
777,9.6
778,9.0
779,10.4
780,6.1
781,6.4
782,8.4
783,8.1
784,14.8
785,15.1
786,11.2
787,25.4
788,5.6
789,16.8
790,3.7
791,3.0
792,8.8
793,8.8
794,2.2
795,2.2
796,10.1
797,4.9
798,9.7
799,7.1
800,11.3
801,22.9
802,9.0
803,8.0
804,11.4
805,9.8
806,3.8
807,5.8
808,3.5
809,6.7
810,3.8
811,14.8
812,10.4
813,8.4
814,13.9
815,5.7
816,17.0
817,5.2
818,6.8
819,11.1
820,8.7
821,10.7
822,6.3
823,6.0
824,5.2
825,11.2
826,4.5
827,4.4
828,8.2
829,10.7
830,3.1
831,5.4
832,8.7
833,3.4
834,8.3
835,11.5
836,7.8
837,10.3
838,12.3
839,14.8
840,5.0
841,3.7
842,11.3
843,17.3
844,9.2
845,22.3
846,6.7
847,7.1
848,11.3
849,14.0
850,7.7
851,27.3
852,25.3
853,10.5
854,4.7
855,9.0
856,12.8
857,14.5
858,13.8
859,14.2
860,7.5
861,5.1
862,20.2
863,2.0
864,10.3
865,5.6
866,20.8
867,8.1
868,7.9
869,8.4
870,19.4
871,2.2
872,4.0
873,13.4
874,3.6
875,3.3
876,13.9
877,11.6
878,12.3
879,4.6
880,6.7
881,3.1
882,3.1
883,5.3
884,5.3
885,5.6
886,2.3
887,4.0
888,9.1
889,4.5
890,11.8
891,9.3
892,17.8
893,8.0
894,16.4
895,5.4
896,12.0
897,6.7
898,14.3
899,3.9
900,7.3
901,7.1
902,7.1
903,4.3
904,17.8
905,8.8
906,15.5
907,12.6
908,10.5
909,6.7
910,10.9
911,13.1
912,12.3
913,6.5
914,10.1
915,4.3
916,15.5
917,4.0
918,8.3
919,7.4
920,8.6
921,4.5
922,4.0
923,6.4
924,1.6
925,21.2
926,5.0
927,10.5
928,8.4
929,7.1
930,10.4
931,5.2
932,12.6
933,4.3
934,3.6
935,3.4
936,2.6
937,7.0
938,6.1
939,4.6
940,3.9
941,3.9
942,8.2
943,5.6
944,3.4
945,4.5
946,8.8
947,9.9
948,6.5
949,14.7
950,14.8
951,21.7
952,12.7
953,24.0
954,16.5
955,10.7
956,24.8
957,21.2
958,14.0
959,15.4
960,15.4
961,15.4
962,25.9
963,39.9
964,27.4
965,10.8
966,15.3
967,11.8
968,14.1
969,3.8
970,18.2
971,5.6
972,5.4
973,12.3
974,14.3
975,3.1
976,6.9
977,15.5
978,2.2
979,7.9
980,10.8
981,14.3
982,12.2
983,3.4
984,19.1
985,2.3
986,12.1
987,6.4
988,3.1
989,7.6
990,7.9
991,13.4
992,4.3
993,11.5
994,17.4
995,8.5
996,8.9
997,7.6
998,9.3
999,5.2
1000,6.8
1001,10.6
1002,10.6
1003,10.6
1004,15.3
1005,15.3
1006,15.3
1007,11.7
1008,8.0
1009,8.6
1010,4.0
1011,6.7
1012,6.6
1013,3.4
1014,10.1
1015,12.3
1016,7.7
1017,2.9
1018,6.1
1019,5.4
1020,13.9
1021,6.1
1022,14.0
1023,4.4
1024,6.8
1025,5.4
1026,14.6
1027,10.0
1028,9.8
1029,4.4
1030,21.7
1031,4.2
1032,7.1
1033,9.6
1034,4.1
1035,9.4
1036,14.7
1037,25.2
1038,12.6
1039,13.3
1040,4.8
1041,3.6
1042,10.6
1043,6.1
1044,6.3
1045,7.9
1046,8.2
1047,9.9
1048,9.9
1049,9.9
1050,13.9
1051,4.8
1052,3.2
1053,11.1
1054,4.8
1055,6.8
1056,9.6
1057,4.9
1058,13.0
1059,10.3
1060,22.8
1061,7.0
1062,16.8
1063,6.6
1064,3.7
1065,3.7
1066,3.7
1067,3.3
1068,5.2
1069,5.3
1070,4.6
1071,10.1
1072,7.4
1073,5.8
1074,6.5
1075,16.3
1076,7.9
1077,12.7
1078,10.8
1079,5.4
1080,3.7
1081,4.1
1082,3.9
1083,16.1
1084,2.3
1085,6.3
1086,14.8
1087,5.3
1088,22.5
1089,4.9
1090,16.3
1091,13.9
1092,5.1
1093,3.7
1094,11.3
1095,2.6
1096,6.3
1097,7.6
1098,18.3
1099,9.0
1100,17.1
1101,4.0
1102,19.1
1103,7.4
1104,12.8
1105,9.5
1106,25.5
1107,18.3
1108,5.8
1109,11.3
1110,13.1
1111,4.4
1112,6.8
1113,5.6
1114,6.2
1115,18.3
1116,8.9
1117,9.7
1118,18.6
1119,13.0
1120,9.2
1121,25.4
1122,2.9
1123,10.3
1124,3.7
1125,24.9
1126,12.3
1127,12.4
1128,10.6
1129,9.1
1130,9.6
1131,9.6
1132,9.6
1133,12.9
1134,12.9
1135,12.9
1136,5.4
1137,3.1
1138,4.2
1139,8.8
1140,4.8
1141,10.2
1142,11.6
1143,8.7
1144,6.3
1145,26.9
1146,12.6
1147,5.4
1148,7.9
1149,13.0
1150,4.1
1151,13.7
1152,10.4
1153,8.0
1154,8.9
1155,13.3
1156,5.9
1157,10.5
1158,6.6
1159,20.2
1160,5.1
1161,11.1
1162,5.0
1163,9.4
1164,4.6
1165,2.6
1166,13.2
1167,9.8
1168,9.9
1169,8.3
1170,12.7
1171,6.7
1172,13.5
1173,15.5
1174,4.6
1175,16.1
1176,4.8
1177,8.0
1178,3.3
1179,7.8
1180,4.1
1181,8.7
1182,7.6
1183,10.1
1184,11.5
1185,11.1
1186,6.9
1187,7.1
1188,6.4
1189,8.5
1190,23.0
1191,4.5
1192,3.7
1193,21.9
1194,3.7
1195,5.7
1196,17.3
1197,18.2
1198,4.7
1199,4.7
1200,12.8
1201,6.0
1202,21.6
1203,5.4
1204,14.4
1205,11.2
1206,9.7
1207,5.5
1208,16.4
1209,13.8
1210,5.1
1211,7.5
1212,4.4
1213,23.4
1214,10.1
1215,10.9
1216,10.6
1217,10.0
1218,22.5
1219,9.7
1220,19.2
1221,16.6
1222,7.5
1223,6.0
1224,20.5
1225,24.0
1226,4.2
1227,3.9
1228,3.9
1229,9.9
1230,21.6
1231,5.3
1232,12.6
1233,14.0
1234,5.2
1235,11.4
1236,13.2
1237,14.2
1238,2.6
1239,9.6
1240,2.2
1241,22.3
1242,10.0
1243,2.2
1244,5.7
1245,26.2
1246,10.0
1247,29.7
1248,11.0
1249,17.3
1250,12.8
1251,12.6
1252,28.4
1253,28.4
1254,28.4
1255,6.8
1256,6.8
1257,6.8
1258,12.3
1259,4.8
1260,7.6
1261,4.6
1262,6.5
1263,7.0
1264,12.1
1265,6.8
1266,5.4
1267,11.9
1268,18.5
1269,27.5
1270,4.4
1271,6.3
1272,4.6
1273,5.7
1274,4.8
1275,5.3
1276,5.3
1277,4.0
1278,7.1
1279,5.4
1280,7.4
1281,10.0
1282,24.3
1283,12.1
1284,11.7
1285,6.8
1286,6.1
1287,19.8
1288,32.6
1289,16.6
1290,9.5
1291,10.2
1292,15.5
1293,4.0
1294,11.3
1295,8.0
1296,4.6
1297,6.4
1298,7.7
1299,18.8
1300,14.1
1301,12.2
1302,9.6
1303,8.5
1304,5.8
1305,5.5
1306,12.3
1307,3.4
1308,14.0
1309,5.3
1310,5.7
1311,20.1
1312,19.3
1313,17.3
1314,5.7
1315,9.0
1316,6.1
1317,8.1
1318,2.0
1319,8.9
1320,2.5
1321,24.3
1322,3.2
1323,2.7
1324,6.4
1325,3.6
1326,9.7
1327,10.7
1328,10.8
1329,2.4
1330,6.7
1331,7.5
1332,18.2
1333,9.6
1334,8.7
1335,8.7
1336,8.7
1337,14.3
1338,11.8
1339,9.4
1340,6.0
1341,6.5
1342,8.1
1343,7.1
1344,9.2
1345,10.8
1346,14.9
1347,7.0
1348,25.4
1349,25.4
1350,26.1
1351,20.2
1352,47.8
1353,13.1
1354,25.7
1355,4.7
1356,9.1
1357,9.1
1358,9.1
1359,15.8
1360,30.6
1361,9.3
1362,25.1
1363,19.2
1364,14.1
1365,11.2
1366,10.3
1367,18.3
1368,24.2
1369,30.5
1370,22.5
1371,6.1
1372,15.7
1373,22.5
1374,5.8
1375,7.4
1376,3.9
1377,11.2
1378,9.0
1379,23.6
1380,4.3
1381,16.8
1382,15.8
1383,6.6
1384,32.2
1385,12.0
1386,12.0
1387,15.4
1388,10.5
1389,7.2
1390,25.4
1391,16.9
1392,19.1
1393,16.8
1394,9.7
1395,28.9
1396,20.5
1397,9.1
1398,15.9
1399,11.0
1400,4.3
1401,4.3
1402,4.3
1403,4.1
1404,4.1
1405,4.1
1406,6.9
1407,10.8
1408,3.4
1409,8.9
1410,24.2
1411,4.5
1412,23.3
1413,2.5
1414,6.0
1415,24.6
1416,7.9
1417,4.9
1418,10.2
1419,3.8
1420,21.6
1421,21.6
1422,14.7
1423,3.2
1424,4.2
1425,13.9
1426,5.2
1427,17.9
1428,13.6
1429,7.6
1430,9.7
1431,5.5
1432,5.5
1433,5.5
1434,25.6
1435,25.6
1436,25.6
1437,5.7
1438,22.4
1439,4.5
1440,13.6
1441,6.1
1442,39.6
1443,4.7
1444,3.0
1445,16.7
1446,14.2
1447,2.6
1448,29.1
1449,10.2
1450,6.3
1451,6.3
1452,5.5
1453,5.5
1454,7.5
1455,12.6
1456,5.3
1457,28.7
1458,16.5
1459,5.3
1460,3.9
1461,9.2
1462,10.6
1463,21.3
1464,8.9
1465,7.6
1466,19.2
1467,7.8
1468,7.1
1469,2.9
1470,27.1
1471,10.9
1472,10.9
1473,10.9
1474,7.7
1475,12.4
1476,9.2
1477,9.2
1478,11.9
1479,4.1
1480,6.2
1481,7.5
1482,7.5
1483,9.1
1484,9.1
1485,6.4
1486,21.8
1487,3.6
1488,8.1
1489,19.8
1490,13.8
1491,19.9
1492,14.7
1493,9.4
1494,30.1
1495,15.5
1496,32.1
1497,13.2
1498,13.2
1499,8.9
1500,19.8
1501,13.9
1502,13.8
1503,13.8
1504,13.8
1505,13.9
1506,28.3
1507,27.0
1508,3.8
1509,14.3
1510,22.9
1511,18.8
1512,12.4
1513,5.9
1514,5.9
1515,3.9
1516,4.3
1517,6.4
1518,22.5
1519,4.9
1520,10.8
1521,5.1
1522,13.2
1523,13.0
1524,2.8
1525,3.2
1526,4.8
1527,4.1
1528,7.9
1529,8.8
1530,4.3
1531,15.0
1532,3.9
1533,4.7
1534,9.1
1535,9.9
1536,4.4
1537,7.6
1538,7.9
1539,21.4
1540,6.2
1541,4.7
1542,10.9
1543,3.1
1544,3.1
1545,10.9
1546,10.9
1547,3.5
1548,18.9
1549,4.3
1550,5.9
1551,3.8
1552,11.3
1553,4.5
1554,5.7
1555,5.6
1556,3.8
1557,7.7
1558,5.1
1559,10.2
1560,11.7
1561,3.8
1562,3.8
1563,12.7
1564,14.3
1565,6.3
1566,6.8
1567,5.5
1568,14.9
1569,4.0
1570,6.6
1571,3.5
1572,15.5
1573,3.9
1574,2.6
1575,6.7
1576,26.4
1577,10.4
1578,4.2
1579,6.0
1580,4.7
1581,6.2
1582,13.0
1583,6.9
1584,5.2
1585,6.6
1586,5.5
1587,5.5
1588,5.5
1589,4.5
1590,10.5
1591,9.6
1592,22.3
1593,4.7
1594,8.5
1595,17.2
1596,6.3
1597,8.2
1598,3.8
1599,12.5
1600,9.0
1601,6.2
1602,13.7
1603,10.2
1604,8.5
1605,17.3
1606,7.7
1607,7.7
1608,6.6
1609,11.8
1610,21.7
1611,4.9
1612,5.8
1613,20.2
1614,3.2
1615,19.3
1616,7.7
1617,7.6
1618,5.8
1619,7.7
1620,21.3
1621,10.3
1622,6.1
1623,23.8
1624,7.4
1625,7.4
1626,16.2
1627,16.8
1628,3.5
1629,7.0
1630,20.0
1631,16.8
1632,9.2
1633,7.4
1634,8.9
1635,4.7
1636,14.3
1637,3.6
1638,14.7
1639,7.7
1640,15.6
1641,32.9
1642,27.5
1643,5.0
1644,12.0
1645,21.4
1646,11.6
1647,12.8
1648,15.8
1649,25.5
1650,42.0
1651,9.1
1652,2.0
1653,2.0
1654,6.1
1655,15.3
1656,23.0
1657,23.0
1658,23.0
1659,5.0
1660,3.1
1661,8.2
1662,8.9
1663,8.9
1664,17.0
1665,7.1
1666,5.2
1667,19.2
1668,24.6
1669,6.1
1670,15.4
1671,5.1
1672,5.7
1673,11.0
1674,2.5
1675,10.9
1676,3.3
1677,6.7
1678,20.3
1679,27.6
1680,12.1
1681,30.7
1682,14.6
1683,14.6
1684,6.3
1685,17.9
1686,21.7
1687,12.8
1688,4.8
1689,21.6
1690,9.5
1691,14.3
1692,8.0
1693,11.2
1694,15.9
1695,8.5
1696,4.7
1697,11.9
1698,10.1
1699,20.8
1700,11.8
1701,14.7
1702,9.6
1703,4.2
1704,7.9
1705,3.1
1706,2.1
1707,7.1
1708,16.2
1709,17.2
1710,8.0
1711,8.8
1712,6.1
1713,2.5
1714,5.4
1715,8.5
1716,29.2
1717,6.4
1718,35.3
1719,15.6
1720,17.9
1721,6.6
1722,4.8
1723,7.5
1724,6.8
1725,13.6
1726,11.7
1727,4.9
1728,3.5
1729,4.7
1730,19.9
1731,3.3
1732,7.2
1733,17.2
1734,3.1
1735,15.2
1736,6.5
1737,14.1
1738,3.3
1739,10.7
1740,4.3
1741,5.0
1742,10.4
1743,20.5
1744,8.7
1745,3.6
1746,7.7
1747,6.5
1748,11.6
1749,2.5
1750,15.0
1751,12.5
1752,8.6
1753,5.5
1754,5.8
1755,5.4
1756,4.3
1757,14.5
1758,22.9
1759,5.2
1760,13.2
1761,11.7
1762,19.0
1763,12.6
1764,4.4
1765,8.3
1766,4.9
1767,8.3
1768,14.3
1769,14.6
1770,6.2
1771,12.1
1772,9.5
1773,7.2
1774,6.5
1775,9.7
1776,3.2
1777,4.8
1778,11.8
1779,2.1
1780,9.0
1781,7.2
1782,6.4
1783,8.4
1784,5.4
1785,8.4
1786,4.9
1787,10.0
1788,10.2
1789,6.4
1790,4.6
1791,4.4
1792,3.5
1793,3.6
1794,6.9
1795,11.3
1796,4.3
1797,4.8
1798,2.2
1799,5.6
1800,4.7
1801,4.6
1802,4.0
1803,8.6
1804,7.5
1805,14.2
1806,12.8
1807,6.7
1808,7.5
1809,6.2
1810,4.4
1811,14.9
1812,16.1
1813,8.3
1814,4.8
1815,8.2
1816,5.1
1817,5.8
1818,10.1
1819,17.9
1820,7.5
1821,26.4
1822,9.3
1823,16.0
1824,14.5
1825,6.3
1826,19.4
1827,10.2
1828,4.0
1829,6.6
1830,6.3
1831,3.5
1832,13.6
1833,12.3
1834,7.2
1835,10.5
1836,5.4
1837,4.5
1838,4.8
1839,4.9
1840,18.2
1841,14.8
1842,10.9
1843,4.6
1844,6.5
1845,14.3
1846,5.2
1847,7.2
1848,5.8
1849,6.7
1850,5.1
1851,3.3
1852,10.6
1853,7.0
1854,9.8
1855,10.7
1856,3.7
1857,21.4
1858,20.7
1859,5.4
1860,5.3
1861,11.0
1862,12.2
1863,10.8
1864,4.3
1865,11.2
1866,8.9
1867,17.0
1868,3.5
1869,15.2
1870,3.7
1871,6.7
1872,6.6
1873,7.8
1874,5.1
1875,4.4
1876,16.9
1877,4.9
1878,6.2
1879,4.8
1880,7.1
1881,10.5
1882,12.2
1883,6.0
1884,9.5
1885,9.7
1886,6.1
1887,7.6
1888,3.9
1889,9.7
1890,11.6
1891,11.0
1892,3.7
1893,5.3
1894,12.2
1895,6.2
1896,14.5
1897,8.7
1898,14.1
1899,13.4
1900,12.9
1901,3.1
1902,12.0
1903,11.4
1904,4.3
1905,10.2
1906,6.2
1907,2.5
1908,5.4
1909,5.7
1910,6.8
1911,8.2
1912,3.8
1913,11.1
1914,4.7
1915,9.4
1916,11.2
1917,4.6
1918,12.8
1919,7.0
1920,13.3
1921,21.0
1922,26.1
1923,17.5
1924,16.5
1925,20.8
1926,11.9
1927,9.3
1928,11.8
1929,3.9
1930,24.5
1931,13.2
1932,6.1
1933,23.5
1934,5.6
1935,4.7
1936,19.8
1937,11.0
1938,3.4
1939,10.1
1940,9.4
1941,3.2
1942,12.1
1943,15.4
1944,13.1
1945,13.1
1946,9.3
1947,3.4
1948,10.9
1949,14.5
1950,3.7
1951,3.5
1952,3.3
1953,4.8
1954,5.7
1955,8.5
1956,8.8
1957,8.1
1958,3.8
1959,11.4
1960,4.8
1961,8.8
1962,6.7
1963,14.3
1964,12.2
1965,5.2
1966,7.2
1967,9.2
1968,6.5
1969,8.1
1970,9.5
1971,2.6
1972,18.9
1973,3.1
1974,8.5
1975,5.0
1976,31.0
1977,9.1
1978,8.8
1979,9.6
1980,3.6
1981,3.4
1982,2.2
1983,7.8
1984,9.7
1985,3.7
1986,5.4
1987,6.0
1988,7.5
1989,22.6
1990,8.9
1991,3.5
1992,16.2
1993,16.8
1994,6.9
1995,14.2
1996,10.7
1997,13.9
1998,8.1
1999,9.0
2000,11.7
2001,3.6
2002,6.8
2003,5.6
2004,4.0
2005,6.0
2006,7.7
2007,2.2
2008,7.5
2009,10.5
2010,13.3
2011,5.1
2012,7.7
2013,4.2
2014,4.4
2015,6.3
2016,5.3
2017,12.4
2018,20.6
2019,4.1
2020,3.7
2021,17.4
2022,10.5
2023,10.2
2024,4.2
2025,4.8
2026,6.6
2027,12.1
2028,12.1
2029,5.6
2030,5.2
2031,4.4
2032,30.2
2033,3.0
2034,18.4
2035,2.9
2036,7.8
2037,6.3
2038,2.6
2039,3.9
2040,4.9
2041,4.0
2042,17.3
2043,7.0
2044,10.6
2045,8.1
2046,1.3
2047,13.5
2048,6.3
2049,7.4
2050,22.1
2051,6.1
2052,3.4
2053,4.5
2054,3.2
2055,7.7
2056,9.9
2057,4.9
2058,6.0
2059,15.5
2060,13.7
2061,5.1
2062,5.4
2063,13.7
2064,6.0
2065,9.2
2066,6.8
2067,5.7
2068,3.6
2069,6.0
2070,8.9
2071,7.7
2072,30.2
2073,21.8
2074,8.9
2075,6.1
2076,7.3
2077,4.0
2078,4.3
2079,10.3
2080,8.0
2081,10.2
2082,22.3
2083,5.8
2084,11.5
2085,25.5
2086,24.5
2087,23.8
2088,7.7
2089,9.6
2090,4.1
2091,19.8
2092,28.7
2093,4.8
2094,4.1
2095,7.0
2096,7.6
2097,4.0
2098,11.5
2099,6.6
2100,16.6
2101,17.5
2102,3.8
2103,11.1
2104,7.2
2105,27.3
2106,11.9
2107,5.4
2108,5.6
2109,14.1
2110,6.1
2111,15.0
2112,18.7
2113,6.2
2114,17.2
2115,8.4
2116,8.5
2117,3.2
2118,10.8
2119,5.6
2120,10.3
2121,2.7
2122,3.2
2123,7.4
2124,4.8
2125,15.1
2126,20.8
2127,9.6
2128,11.9
2129,3.4
2130,9.4
2131,5.6
2132,12.1
2133,7.1
2134,13.5
2135,2.6
2136,4.3
2137,10.8
2138,2.2
2139,3.8
2140,9.6
2141,14.3
2142,3.0
2143,11.4
2144,7.6
2145,3.6
2146,5.5
2147,6.3
2148,6.1
2149,6.1
2150,15.7
2151,6.0
2152,2.1
2153,6.1
2154,3.9
2155,18.9
2156,18.2
2157,28.1
2158,22.1
2159,6.4
2160,4.4
2161,17.5
2162,5.4
2163,5.2
2164,14.5
2165,13.6
2166,6.1
2167,5.5
2168,7.9
2169,9.9
2170,13.5
2171,10.8
2172,5.2
2173,5.4
2174,11.2
2175,4.6
2176,11.3
2177,20.3
2178,13.6
2179,33.8
2180,6.6
2181,17.1
2182,4.6
2183,7.8
2184,8.2
2185,4.3
2186,3.1
2187,10.3
2188,12.9
2189,23.5
2190,3.9
2191,9.8
2192,7.7
2193,16.0
2194,7.4
2195,14.6
2196,7.2
2197,9.7
2198,17.7
2199,11.5
2200,8.9
2201,10.8
2202,10.6
2203,12.1
2204,10.0
2205,4.4
2206,8.0
2207,18.5
2208,16.3
2209,10.1
2210,5.1
2211,3.5
2212,3.8
2213,6.2
2214,6.2
2215,10.5
2216,7.7
2217,6.6
2218,8.6
2219,5.5
2220,5.3
2221,3.3
2222,22.0
2223,25.6
2224,6.1
2225,11.3
2226,1.9
2227,4.1
2228,16.8
2229,13.5
2230,4.5
2231,27.0
2232,4.1
2233,9.4
2234,14.1
2235,10.3
2236,12.6
2237,5.8
2238,8.6
2239,4.9
2240,8.1
2241,7.7
2242,12.6
2243,5.0
2244,9.8
2245,6.7
2246,17.6
2247,4.7
2248,8.7
2249,11.0
2250,4.5
2251,4.8
2252,6.2
2253,7.7
2254,3.8
2255,5.1
2256,7.7
2257,24.7
2258,3.2
2259,12.5
2260,11.5
2261,8.4
2262,15.8
2263,6.1
2264,9.8
2265,3.8
2266,12.8
2267,7.9
2268,6.7
2269,8.0
2270,23.8
2271,4.9
2272,6.5
2273,15.6
2274,4.1
2275,7.1
2276,7.2
2277,4.0
2278,6.6
2279,6.6
2280,6.0
2281,18.7
2282,5.0
2283,15.3
2284,2.3
2285,9.9
2286,6.2
2287,12.7
2288,18.2
2289,7.5
2290,10.4
2291,9.8
2292,4.3
2293,5.1
2294,13.8
2295,4.6
2296,7.6
2297,9.4
2298,7.1
2299,2.9
2300,17.1
2301,5.6
2302,4.7
2303,5.7
2304,4.9
2305,3.4
2306,6.3
2307,30.0
2308,10.4
2309,6.3
2310,10.8
2311,11.0
2312,6.2
2313,9.1
2314,6.5
2315,7.2
2316,8.6
2317,11.5
2318,4.4
2319,8.5
2320,6.7
2321,4.5
2322,3.6
2323,2.1
2324,4.5
2325,23.2
2326,5.4
2327,12.6
2328,5.2
2329,6.1
2330,9.7
2331,9.5
2332,28.5
2333,10.5
2334,3.1
2335,8.6
2336,5.4
2337,7.8
2338,7.3
2339,22.2
2340,11.3
2341,12.2
2342,5.8
2343,14.9
2344,5.6
2345,11.1
2346,11.9
2347,11.1
2348,11.3
2349,9.8
2350,14.5
2351,23.8
2352,16.2
2353,5.0
2354,8.6
2355,5.1
2356,9.9
2357,15.4
2358,6.3
2359,9.7
2360,4.4
2361,10.6
2362,9.9
2363,19.1
2364,7.3
2365,21.9
2366,12.6
2367,11.4
2368,9.6
2369,5.5
2370,18.8
2371,3.7
2372,15.6
2373,4.0
2374,18.3
2375,4.6
2376,2.6
2377,22.1
2378,12.7
2379,3.4
2380,11.9
2381,10.0
2382,11.9
2383,9.1
2384,6.1
2385,10.0
2386,3.0
2387,3.1
2388,10.5
2389,6.5
2390,10.4
2391,12.9
2392,5.1
2393,5.0
2394,8.9
2395,18.0
2396,12.3
2397,4.6
2398,40.9
2399,18.7
2400,4.8
2401,5.9
2402,3.4
2403,4.8
2404,11.9
2405,3.8
2406,9.1
2407,3.9
2408,13.2
2409,11.0
2410,27.2
2411,11.0
2412,34.5
2413,6.9
2414,17.7
2415,16.5
2416,21.1
2417,11.6
2418,27.3
2419,23.3
2420,19.1
2421,27.5
2422,19.2
2423,4.4
2424,20.6
2425,19.2
2426,11.6
2427,6.1
2428,22.1
2429,9.0
2430,13.1
2431,7.0
2432,14.3
2433,7.7
2434,17.3
2435,28.8
2436,20.4
2437,4.4
2438,11.8
2439,18.1
2440,13.2
2441,14.0
2442,10.7
2443,4.8
2444,18.0
2445,7.0
2446,18.1
2447,11.1
2448,4.6
2449,3.6
2450,6.8
2451,18.7
2452,7.6
2453,11.8
2454,16.4
2455,19.0
2456,5.0
2457,7.2
2458,13.6
2459,5.4
2460,3.5
2461,4.5
2462,3.8
2463,8.3
2464,2.7
2465,3.2
2466,8.2
2467,14.7
2468,19.6
2469,7.4
2470,7.1
2471,3.7
2472,7.2
2473,2.8
2474,15.5
2475,14.4
2476,11.1
2477,4.7
2478,11.9
2479,9.2
2480,37.3
2481,4.0
2482,32.9
2483,25.7
2484,27.6
2485,13.0
2486,4.8
2487,13.1
2488,13.9
2489,4.3
2490,10.3
2491,11.0
2492,6.2
2493,16.1
2494,15.0
2495,15.9
2496,5.8
2497,9.3
2498,4.2
2499,5.0
2500,19.8
2501,12.7
2502,15.3
2503,7.4
2504,3.9
2505,22.4
2506,17.2
2507,7.4
2508,5.3
2509,18.9
2510,5.4
2511,5.6
2512,8.8
2513,7.4
2514,9.8
2515,4.2
2516,23.4
2517,8.4
2518,15.3
2519,17.6
2520,12.5
2521,7.7
2522,14.7
2523,5.6
2524,4.1
2525,9.0
2526,2.6
2527,3.8
2528,7.1
2529,3.8
2530,9.8
2531,6.4
2532,2.8
2533,6.4
2534,5.0
2535,8.4
2536,8.5
2537,14.8
2538,4.5
2539,4.5
2540,11.9
2541,4.8
2542,25.2
2543,4.0
2544,4.2
2545,13.3
2546,10.3
2547,18.2
2548,2.6
2549,17.8
2550,25.8
2551,16.1
2552,11.5
2553,22.6
2554,16.8
2555,10.6
2556,16.4
2557,12.6
2558,15.9
2559,8.7
2560,9.3
2561,3.9
2562,11.9
2563,3.5
2564,4.6
2565,7.2
2566,10.7
2567,23.7
2568,10.6
2569,19.9
2570,8.0
2571,20.8
2572,6.0
2573,14.8
2574,5.6
2575,3.6
2576,1.3
2577,7.9
2578,4.4
2579,8.8
2580,15.1
2581,23.4
2582,5.8
2583,14.9
2584,21.4
2585,8.7
2586,15.8
2587,9.4
2588,7.5
2589,9.2
2590,3.7
2591,15.4
2592,5.9
2593,5.9
2594,21.5
2595,7.6
2596,2.8
2597,7.2
2598,9.8
2599,6.2
2600,5.4
2601,11.4
2602,3.4
2603,22.9
2604,3.5
2605,4.1
2606,7.8
2607,8.2
2608,37.5
2609,5.4
2610,4.4
2611,22.9
2612,17.4
2613,9.9
2614,7.2
2615,6.9
2616,21.7
2617,9.5
2618,10.7
2619,5.3
2620,6.7
2621,28.3
2622,5.3
2623,5.2
2624,3.6
2625,6.7
2626,10.3
2627,27.2
2628,14.1
2629,20.7
2630,2.7
2631,12.4
2632,11.0
2633,8.8
2634,18.3
2635,13.9
2636,22.0
2637,8.3
2638,12.2
2639,10.1
2640,12.9
2641,6.5
2642,13.3
2643,3.4
2644,6.8
2645,8.6
2646,5.2
2647,7.9
2648,16.5
2649,14.6
2650,6.7
2651,10.0
2652,3.5
2653,15.8
2654,6.7
2655,15.1
2656,5.1
2657,4.8
2658,6.1
2659,5.7
2660,15.0
2661,11.5
2662,10.1
2663,13.7
2664,3.1
2665,9.1
2666,7.1
2667,20.8
2668,4.4
2669,5.4
2670,11.4
2671,5.5
2672,16.6
2673,13.2
2674,27.4
2675,5.3
2676,3.4
2677,10.1
2678,6.3
2679,5.7
2680,8.4
2681,3.6
2682,16.7
2683,23.7
2684,10.9
2685,14.8
2686,7.8
2687,17.8
2688,29.8
2689,18.2
2690,20.1
2691,11.9
2692,23.1
2693,5.3
2694,7.7
2695,6.9
2696,6.2
2697,16.3
2698,18.7
2699,26.2
2700,14.5
2701,8.4
2702,5.1
2703,18.2
2704,9.6
2705,4.4
2706,22.3
2707,4.2
2708,16.6
2709,10.8
2710,17.3
2711,17.9
2712,5.4
2713,10.0
2714,5.3
2715,6.8
2716,7.9
2717,8.0
2718,5.9
2719,7.7
2720,2.7
2721,8.8
2722,3.5
2723,10.1
2724,7.5
2725,3.1
2726,7.4
2727,3.9
2728,2.3
2729,6.4
2730,4.7
2731,11.5
2732,2.6
2733,8.6
2734,14.4
2735,23.0
2736,3.6
2737,5.8
2738,4.6
2739,17.4
2740,7.0
2741,7.8
2742,4.8
2743,15.3
2744,3.6
2745,5.5
2746,5.8
2747,11.8
2748,10.2
2749,3.0
2750,3.9
2751,15.9
2752,16.5
2753,15.6
2754,7.4
2755,17.5
2756,8.7
2757,7.4
2758,4.6
2759,6.9
2760,20.2
2761,5.3
2762,30.2
2763,5.6
2764,10.2
2765,3.2
2766,11.3
2767,7.7
2768,6.8
2769,18.3
2770,6.4
2771,13.7
2772,11.3
2773,5.7
2774,16.4
2775,8.3
2776,7.7
2777,4.6
2778,7.2
2779,8.2
2780,3.7
2781,10.1
2782,8.2
2783,23.7
2784,6.8
2785,5.8
2786,5.7
2787,6.3
2788,3.7
2789,3.2
2790,6.9
2791,9.7
2792,3.2
2793,15.7
2794,4.3
2795,12.7
2796,13.9
2797,6.1
2798,2.5
2799,8.1
2800,6.5
2801,11.5
2802,3.4
2803,2.6
2804,4.6
2805,5.2
2806,22.7
2807,5.4
2808,25.3
2809,9.4
2810,10.3
2811,15.8
2812,14.7
2813,6.0
2814,3.4
2815,4.1
2816,9.7
2817,3.5
2818,2.6
2819,3.3
2820,12.7
2821,44.1
2822,7.7
2823,6.9
2824,6.0
2825,6.5
2826,6.2
2827,5.0
2828,3.6
2829,3.6
2830,5.8
2831,35.6
2832,5.1
2833,9.4
2834,17.4
2835,5.0
2836,6.7
2837,9.4
2838,4.6
2839,21.5
2840,18.9
2841,6.9
2842,8.1
2843,5.9
2844,5.2
2845,5.0
2846,13.8
2847,20.6
2848,12.5
2849,14.3
2850,4.0
2851,6.8
2852,2.1
2853,17.4
2854,7.0
2855,7.7
2856,11.1
2857,17.3
2858,14.9
2859,6.4
2860,15.8
2861,4.9
2862,6.5
2863,5.3
2864,7.2
2865,15.7
2866,2.9
2867,11.8
2868,15.7
2869,4.7
2870,11.1
2871,10.5
2872,5.5
2873,23.2
2874,5.5
2875,12.3
2876,13.8
2877,4.7
2878,10.6
2879,3.2
2880,13.6
2881,5.6
2882,8.0
2883,15.0
2884,23.0
2885,10.4
2886,3.8
2887,11.6
2888,3.0
2889,22.3
2890,14.4
2891,13.8
2892,3.9
2893,18.3
2894,3.3
2895,22.6
2896,2.4
2897,8.1
2898,4.3
2899,17.5
2900,2.8
2901,15.5
2902,17.0
2903,8.6
2904,13.0
2905,15.4
2906,23.0
2907,11.0
2908,15.9
2909,15.7
2910,18.3
2911,8.7
2912,5.2
2913,7.7
2914,8.6
2915,6.7
2916,4.4
2917,11.9
2918,6.9
2919,16.4
2920,11.1
2921,10.5
2922,23.2
2923,15.7
2924,7.9
2925,9.7
2926,3.0
2927,5.1
2928,7.0
2929,12.2
2930,5.7
2931,11.8
2932,8.0
2933,15.9
2934,8.1
2935,12.8
2936,4.7
2937,17.6
2938,19.2
2939,11.9
2940,5.5
2941,5.3
2942,13.2
2943,14.3
2944,11.7
2945,8.9
2946,5.7
2947,21.0
2948,7.5
2949,4.2
2950,17.8
2951,26.1
2952,20.9
2953,12.7
2954,6.3
2955,8.5
2956,6.0
2957,7.6
2958,14.6
2959,10.8
2960,14.7
2961,5.6
2962,20.9
2963,6.1
2964,11.5
2965,5.7
2966,14.6
2967,2.6
2968,11.9
2969,12.4
2970,9.5
2971,2.1
2972,8.2
2973,15.7
2974,8.0
2975,17.7
2976,5.6
2977,10.7
2978,17.8
2979,15.7
2980,10.9
2981,2.5
2982,11.8
2983,4.6
2984,10.5
2985,3.2
2986,20.5
2987,14.8
2988,11.8
2989,2.3
2990,6.9
2991,19.8
2992,28.2
2993,31.4
2994,41.5
2995,23.9
2996,13.2
2997,10.0
2998,19.2
2999,21.0
3000,18.7
3001,8.8
3002,13.7
3003,5.8
3004,5.8
3005,7.7
3006,8.4
3007,27.2
3008,6.1
3009,12.3
3010,6.5
3011,10.4
3012,17.9
3013,16.1
3014,11.2
3015,10.9
3016,9.0
3017,2.9
3018,23.0
3019,3.0
3020,13.9
3021,2.7
3022,9.7
3023,3.1
3024,4.2
3025,13.5
3026,12.1
3027,3.7
3028,5.6
3029,5.2
3030,11.9
3031,9.4
3032,11.5
3033,8.9
3034,12.1
3035,9.8
3036,9.7
3037,15.5
3038,13.9
3039,12.3
3040,24.8
3041,3.1
3042,17.7
3043,6.2
3044,7.1
3045,6.4
3046,4.2
3047,26.3
3048,4.9
3049,40.3
3050,3.2
3051,8.2
3052,11.1
3053,17.3
3054,3.8
3055,23.3
3056,15.6
3057,6.6
3058,10.4
3059,2.7
3060,6.2
3061,18.2
3062,11.0
3063,7.1
3064,28.0
3065,6.4
3066,14.6
3067,19.7
3068,10.8
3069,3.5
3070,3.6
3071,7.6
3072,17.1
3073,27.7
3074,22.9
3075,22.8
3076,23.2
3077,5.8
3078,16.0
3079,9.9
3080,7.4
3081,22.6
3082,10.5
3083,15.5
3084,16.9
3085,14.9
3086,17.0
3087,4.4
3088,8.6
3089,8.0
3090,4.7
3091,14.3
3092,16.9
3093,8.9
3094,4.4
3095,2.3
3096,12.3
3097,3.3
3098,5.1
3099,2.6
3100,10.9
3101,23.6
3102,5.2
3103,12.0
3104,5.7
3105,9.5
3106,8.3
3107,6.2
3108,8.5
3109,4.7
3110,10.3
3111,10.2
3112,3.6
3113,16.7
3114,13.6
3115,8.4
3116,23.6
3117,6.5
3118,3.2
3119,16.8
3120,10.4
3121,4.8
3122,7.2
3123,6.6
3124,5.7
3125,4.8
3126,7.8
3127,4.0
3128,3.7
3129,6.1
3130,6.7
3131,2.8
3132,23.4
3133,4.5
3134,13.2
3135,8.6
3136,14.6
3137,5.1
3138,4.2
3139,4.0
3140,7.5
3141,9.4
3142,6.3
3143,8.5
3144,6.1
3145,11.4
3146,4.7
3147,13.6
3148,11.5
3149,4.2
3150,10.9
3151,12.3
3152,18.4
3153,10.1
3154,6.7
3155,8.2
3156,6.3
3157,4.1
3158,6.6
3159,7.8
3160,4.7
3161,14.1
3162,18.3
3163,8.5
3164,28.9
3165,16.7
3166,8.3
3167,6.3
3168,10.0
3169,6.3
3170,12.0
3171,15.9
3172,28.3
3173,20.6
3174,16.9
3175,4.7
3176,14.9
3177,12.6
3178,3.5
3179,3.0
3180,4.1
3181,10.4
3182,26.7
3183,13.9
3184,15.2
3185,34.4
3186,6.6
3187,5.7
3188,10.2
3189,6.7
3190,12.1
3191,7.8
3192,5.7
0,10.2
1,14.1
2,10.1
3,18.0
4,18.7
5,10.9
6,12.1
7,11.7
8,8.4
9,28.4
10,4.9
11,8.2
12,6.3
13,10.5
14,34.7
15,15.4
16,8.2
17,6.1
18,7.8
19,6.9
20,17.8
21,15.5
22,11.0
23,5.3
24,6.7
25,3.6
26,9.9
27,7.9
28,6.0
29,18.1
30,5.5
31,18.8
32,11.5
33,19.2
34,6.1
35,11.7
36,8.9
37,9.4
38,5.0
39,12.6
40,6.6
41,6.4
42,7.6
43,6.0
44,12.8
45,7.0
46,6.9
47,8.3
48,10.2
49,12.9
50,6.9
51,8.7
52,5.7
53,11.7
54,7.1
55,5.6
56,14.7
57,12.3
58,5.2
59,6.8
60,5.1
61,10.3
62,4.9
63,23.2
64,6.0
65,9.6
66,11.9
67,7.0
68,6.5
69,6.0
70,4.7
71,6.8
72,7.5
73,13.0
74,6.8
75,17.6
76,8.0
77,17.6
78,19.2
79,9.0
80,14.6
81,8.7
82,11.3
83,15.8
84,11.4
85,18.2
86,12.1
87,12.2
88,11.1
89,16.5
90,11.3
91,22.6
92,11.7
93,7.9
94,6.8
95,12.0
96,4.0
97,14.2
98,27.5
99,7.6
100,11.6
101,33.3
102,6.4
103,21.1
104,10.8
105,4.7
106,22.8
107,11.8
108,7.9
109,11.1
110,15.7
111,11.3
112,13.6
113,11.9
114,17.2
115,7.1
116,19.5
117,21.0
118,8.2
119,6.1
120,19.1
121,15.5
122,13.8
123,12.2
124,13.2
125,6.6
126,7.8
127,5.9
128,20.7
129,8.0
130,17.6
131,15.1
132,9.0
133,8.5
134,16.7
135,7.0
136,13.4
137,8.0
138,11.6
139,10.9
140,17.4
141,7.3
142,4.9
143,5.4
144,19.3
145,12.3
146,4.8
147,16.2
148,14.8
149,9.4
150,22.8
151,7.9
152,5.5
153,5.4
154,11.5
155,5.0
156,6.2
157,10.5
158,5.1
159,24.0
160,7.0
161,8.0
162,6.8
163,11.9
164,13.4
165,8.3
166,24.1
167,11.6
168,12.9
169,5.5
170,6.2
171,5.5
172,10.7
173,7.0
174,11.7
175,7.3
176,6.3
177,6.3
178,17.1
179,4.1
180,7.4
181,8.2
182,7.1
183,11.6
184,5.8
185,6.3
186,15.9
187,10.8
188,7.7
189,5.5
190,9.5
191,6.8
192,17.5
193,11.3
194,35.8
195,6.5
196,7.7
197,19.4
198,19.7
199,4.4
200,13.4
201,14.1
202,11.4
203,8.2
204,10.6
205,7.3
206,8.0
207,11.4
208,8.9
209,8.1
210,18.0
211,4.9
212,7.0
213,16.8
214,8.7
215,11.1
216,12.0
217,5.4
218,9.5
219,14.8
220,5.4
221,15.7
222,14.7
223,9.3
224,6.6
225,4.9
226,7.5
227,8.6
228,6.9
229,11.7
230,6.2
231,7.2
232,6.9
233,15.4
234,14.0
235,13.9
236,15.3
237,6.3
238,4.0
239,15.5
240,6.2
241,4.3
242,5.3
243,14.5
244,14.2
245,19.7
246,5.8
247,5.8
248,5.6
249,6.1
250,17.1
251,14.1
252,5.5
253,12.0
254,16.7
255,15.6
256,10.2
257,9.3
258,7.0
259,13.6
260,9.3
261,13.4
262,13.1
263,10.0
264,6.0
265,21.0
266,5.0
267,25.1
268,8.4
269,11.6
270,11.6
271,9.0
272,7.2
273,25.8
274,11.5
275,20.3
276,20.4
277,12.6
278,16.7
279,7.4
280,4.1
281,20.3
282,15.1
283,6.1
284,16.9
285,21.7
286,11.7
287,6.6
288,12.3
289,8.1
290,13.2
291,5.5
292,18.8
293,19.3
294,26.5
295,25.5
296,13.7
297,6.7
298,10.8
299,9.1
300,13.2
301,4.5
302,13.0
303,26.1
304,10.7
305,4.9
306,30.6
307,9.1
308,25.9
309,23.8
310,23.8
311,14.0
312,8.7
313,6.5
314,5.0
315,30.9
316,12.2
317,8.7
318,6.1
319,11.7
320,24.7
321,8.8
322,12.2
323,4.6
324,9.3
325,6.8
326,4.8
327,8.5
328,7.4
329,7.1
330,5.0
331,21.8
332,11.1
333,3.8
334,7.2
335,3.6
336,15.0
337,9.2
338,3.6
339,5.5
340,5.6
341,5.3
342,9.6
343,14.2
344,7.9
345,5.8
346,10.4
347,16.7
348,8.1
349,5.5
350,20.5
351,13.3
352,15.6
353,9.5
354,22.9
355,13.3
356,12.2
357,16.4
358,18.4
359,4.5
360,19.3
361,7.5
362,8.1
363,21.7
364,5.5
365,14.9
366,18.4
367,6.3
368,11.3
369,6.2
370,8.1
371,9.8
372,8.9
373,15.8
374,20.5
375,6.6
376,6.4
377,10.6
378,8.3
379,9.9
380,4.7
381,10.2
382,11.5
383,6.6
384,5.3
385,6.6
386,11.7
387,8.8
388,12.2
389,16.1
390,15.7
391,16.9
392,10.6
393,12.8
394,8.7
395,6.9
396,17.1
397,11.9
398,6.7
399,9.4
400,10.8
401,12.0
402,6.3
403,10.4
404,13.9
405,8.3
406,14.5
407,10.7
408,8.1
409,25.1
410,12.2
411,19.1
412,10.1
413,18.5
414,13.4
415,7.4
416,11.5
417,23.5
418,10.7
419,18.6
420,11.0
421,10.7
422,13.0
423,11.5
424,5.4
425,7.4
426,9.5
427,5.0
428,12.7
429,5.5
430,4.5
431,11.1
432,9.4
433,7.1
434,17.0
435,9.4
436,9.9
437,9.6
438,6.7
439,15.2
440,7.9
441,7.7
442,7.4
443,16.0
444,8.3
445,10.7
446,7.4
447,20.7
448,12.8
449,3.7
450,5.2
451,7.2
452,6.7
453,7.4
454,23.2
455,7.0
456,6.0
457,17.3
458,14.0
459,4.1
460,8.3
461,5.7
462,8.2
463,11.6
464,17.3
465,5.9
466,4.9
467,5.8
468,11.0
469,26.6
470,8.9
471,21.8
472,10.3
473,5.3
474,10.3
475,6.2
476,15.9
477,4.5
478,14.3
479,8.0
480,7.7
481,5.7
482,6.7
483,8.2
484,22.6
485,10.0
486,16.6
487,14.6
488,5.9
489,8.9
490,8.5
491,8.1
492,6.3
493,8.9
494,8.8
495,7.1
496,27.3
497,11.0
498,10.4
499,6.6
500,13.7
501,19.5
502,19.7
503,5.7
504,5.8
505,16.1
506,24.7
507,14.7
508,15.7
509,6.3
510,16.9
511,7.7
512,5.0
513,9.8
514,14.8
515,9.2
516,11.2
517,16.3
518,10.5
519,7.2
520,4.9
521,5.7
522,10.4
523,9.7
524,7.3
525,6.8
526,11.0
527,6.3
528,11.0
529,11.7
530,21.7
531,7.4
532,17.8
533,6.8
534,11.4
535,11.2
536,10.2
537,13.5
538,11.2
539,5.6
540,9.5
541,4.4
542,11.9
543,5.5
544,9.7
545,16.2
546,7.3
547,8.9
548,29.4
549,5.7
550,21.9
551,6.8
552,4.9
553,4.8
554,6.0
555,6.2
556,16.4
557,14.4
558,10.4
559,4.5
560,17.3
561,5.6
562,7.0
563,7.2
564,9.6
565,9.8
566,20.6
567,5.6
568,21.1
569,6.2
570,12.4
571,10.5
572,18.0
573,8.3
574,14.6
575,5.4
576,7.9
577,20.1
578,7.4
579,7.1
580,22.8
581,23.3
582,7.7
583,16.7
584,11.9
585,8.1
586,14.0
587,18.3
588,7.5
589,27.2
590,18.6
591,7.3
592,13.2
593,12.1
594,6.8
595,5.8
596,5.9
597,26.6
598,5.7
599,9.3
600,8.9
601,11.6
602,7.9
603,16.9
604,5.0
605,8.1
606,8.4
607,5.4
608,4.6
609,8.9
610,9.2
611,9.5
612,3.7
613,22.0
614,8.0
615,21.8
616,26.8
617,8.3
618,15.4
619,13.4
620,11.7
621,10.2
622,23.8
623,5.2
624,9.4
625,17.7
626,5.6
627,8.9
628,21.7
629,9.1
630,13.6
631,14.7
632,18.0
633,14.4
634,12.6
635,14.6
636,5.3
637,4.4
638,7.4
639,14.7
640,16.9
641,12.6
642,5.4
643,14.0
644,21.3
645,5.2
646,12.3
647,7.4
648,9.9
649,8.7
650,9.3
651,16.6
652,7.8
653,34.6
654,14.9
655,18.4
656,10.1
657,11.0
658,29.1
659,10.5
660,30.6
661,7.8
662,12.7
663,15.1
664,10.8
665,19.2
666,10.3
667,16.2
668,26.7
669,12.8
670,12.3
671,7.3
672,8.2
673,18.3
674,6.9
675,11.5
676,19.0
677,11.5
678,7.3
679,6.0
680,6.5
681,11.6
682,20.7
683,15.2
684,8.7
685,5.5
686,11.1
687,11.1
688,16.9
689,16.8
690,15.0
691,5.0
692,7.1
693,11.3
694,12.1
695,9.5
696,18.1
697,5.9
698,12.7
699,17.7
700,9.9
701,6.2
702,5.3
703,4.1
704,5.7
705,6.8
706,12.4
707,10.9
708,7.3
709,7.3
710,20.0
711,9.0
712,11.2
713,24.5
714,18.0
715,5.8
716,10.5
717,7.4
718,14.8
719,13.3
720,13.0
721,6.5
722,4.6
723,8.2
724,5.0
725,10.5
726,16.0
727,14.5
728,24.9
729,10.2
730,14.9
731,10.4
732,19.7
733,14.5
734,13.1
735,6.3
736,7.0
737,15.1
738,7.8
739,9.0
740,6.9
741,7.5
742,17.2
743,27.8
744,20.6
745,8.2
746,13.3
747,10.5
748,6.2
749,6.3
750,11.0
751,6.2
752,17.3
753,4.4
754,17.9
755,11.0
756,26.0
757,13.1
758,10.6
759,27.0
760,18.2
761,9.4
762,9.2
763,7.5
764,6.7
765,12.9
766,8.8
767,9.4
768,4.8
769,27.0
770,5.2
771,13.2
772,11.1
773,6.4
774,7.9
775,9.5
776,11.5
777,8.8
778,11.4
779,7.8
780,5.7
781,5.1
782,8.9
783,21.2
784,12.5
785,15.2
786,7.8
787,14.2
788,8.2
789,5.7
790,10.6
791,7.7
792,17.9
793,8.9
794,4.7
795,5.3
796,11.3
797,7.9
798,8.1
799,18.3
800,6.2
801,6.1
802,3.8
803,3.1
804,10.5
805,5.4
806,15.7
807,7.8
808,5.3
809,11.3
810,7.6
811,6.0
812,5.1
813,15.2
814,4.0
815,9.6
816,7.0
817,9.8
818,19.4
819,6.4
820,6.0
821,32.5
822,9.7
823,21.4
824,7.4
825,26.2
826,22.4
827,16.5
828,11.0
829,11.5
830,17.8
831,9.8
832,8.4
833,6.4
834,5.5
835,9.3
836,6.9
837,11.1
838,9.2
839,7.2
840,6.8
841,4.3
842,12.1
843,15.7
844,5.5
845,14.2
846,10.5
847,10.0
848,16.2
849,13.5
850,22.5
851,9.9
852,10.9
853,5.8
854,7.2
855,14.1
856,5.8
857,15.4
858,16.6
859,11.4
860,10.6
861,10.9
862,5.8
863,5.3
864,26.5
865,12.3
866,10.8
867,14.1
868,11.4
869,8.0
870,6.5
871,12.3
872,6.3
873,5.6
874,8.9
875,9.3
876,10.0
877,14.8
878,28.1
879,6.3
880,13.1
881,10.7
882,11.8
883,19.4
884,21.4
885,10.9
886,16.5
887,5.9
888,7.2
889,7.7
890,6.0
891,7.6
892,9.8
893,10.3
894,11.6
895,12.5
896,4.5
897,6.9
898,11.0
899,6.2
900,7.5
901,9.1
902,19.7
903,10.4
904,9.1
905,7.2
906,8.8
907,4.6
908,11.6
909,12.8
910,9.6
911,7.1
912,31.9
913,8.4
914,5.5
915,7.3
916,16.8
917,6.5
918,20.2
919,3.8
920,13.0
921,23.3
922,9.4
923,9.9
924,6.6
925,17.2
926,19.9
927,28.3
928,9.8
929,3.7
930,13.7
931,9.0
932,5.7
933,4.9
934,7.4
935,14.2
936,5.8
937,4.6
938,10.2
939,8.7
940,5.1
941,4.8
942,8.8
943,5.0
944,7.0
945,7.8
946,12.0
947,4.3
948,5.0
949,17.7
950,5.1
951,17.5
952,5.7
953,3.5
954,11.2
955,6.1
956,7.5
957,6.9
958,8.7
959,10.8
960,8.5
961,5.4
962,8.0
963,5.5
964,3.9
965,25.4
966,13.5
967,8.6
968,10.6
969,11.0
970,10.6
971,9.5
972,6.8
973,6.9
974,5.5
975,16.4
976,5.5
977,17.8
978,11.6
979,11.5
980,6.6
981,23.3
982,6.9
983,8.5
984,12.6
985,5.8
986,20.8
987,13.5
988,7.1
989,6.2
990,8.7
991,7.4
992,5.4
993,11.8
994,11.2
995,9.7
996,6.6
997,22.9
998,10.9
999,11.1
1000,6.4
1001,8.0
1002,17.5
1003,7.2
1004,14.0
1005,6.0
1006,18.8
1007,5.7
1008,6.6
1009,6.6
1010,10.5
1011,21.4
1012,6.8
1013,10.0
1014,13.6
1015,9.3
1016,30.7
1017,5.9
1018,27.8
1019,17.3
1020,3.8
1021,25.8
1022,15.3
1023,16.7
1024,5.9
1025,7.7
1026,10.8
1027,11.1
1028,8.1
1029,5.8
1030,9.8
1031,6.2
1032,4.9
1033,16.5
1034,13.2
1035,5.2
1036,10.2
1037,20.1
1038,14.8
1039,8.5
1040,21.5
1041,6.6
1042,11.0
1043,10.9
1044,13.2
1045,7.5
1046,5.0
1047,7.0
1048,7.6
1049,8.4
1050,16.7
1051,3.6
1052,9.4
1053,5.9
1054,10.9
1055,10.7
1056,10.5
1057,8.2
1058,10.1
1059,8.6
1060,17.2
1061,11.4
1062,17.9
1063,10.7
1064,13.3
1065,7.0
1066,6.1
1067,5.3
1068,5.1
1069,10.6
1070,11.0
1071,6.2
1072,29.2
1073,8.8
1074,9.9
1075,13.3
1076,11.8
1077,19.6
1078,9.3
1079,12.5
1080,14.4
1081,11.9
1082,11.2
1083,16.6
1084,11.3
1085,5.5
1086,13.8
1087,8.9
1088,16.2
1089,9.8
1090,7.0
1091,8.5
1092,11.1
1093,14.0
1094,4.4
1095,5.9
1096,8.3
1097,19.3
1098,5.2
1099,12.0
1100,9.6
1101,21.9
1102,16.4
1103,17.4
1104,26.9
1105,16.5
1106,12.6
1107,9.4
1108,16.9
1109,12.9
1110,11.3
1111,9.3
1112,5.5
1113,11.1
1114,17.3
1115,13.1
1116,8.6
1117,20.6
1118,5.7
1119,10.9
1120,4.8
1121,11.1
1122,9.9
1123,15.0
1124,8.9
1125,10.1
1126,15.4
1127,22.9
1128,8.5
1129,11.2
1130,28.1
1131,6.9
1132,5.6
1133,5.8
1134,6.6
1135,11.9
1136,13.2
1137,5.9
1138,13.5
1139,5.8
1140,10.4
1141,26.1
1142,8.4
1143,13.5
1144,8.3
1145,28.4
1146,16.3
1147,6.7
1148,9.3
1149,15.2
1150,4.8
1151,22.2
1152,6.0
1153,13.7
1154,16.0
1155,5.6
1156,9.3
1157,6.5
1158,6.7
1159,8.8
1160,17.8
1161,23.8
1162,14.9
1163,15.9
1164,5.5
1165,5.7
1166,7.7
1167,12.8
1168,6.8
1169,9.1
1170,4.8
1171,5.4
1172,3.0
1173,12.4
1174,19.2
1175,6.3
1176,7.7
1177,12.1
1178,12.5
1179,8.5
1180,6.7
1181,14.1
1182,7.3
1183,9.0
1184,8.9
1185,15.0
1186,18.0
1187,13.7
1188,30.6
1189,7.8
1190,8.2
1191,6.2
1192,7.8
1193,4.8
1194,9.0
1195,7.6
1196,13.3
1197,4.7
1198,6.0
1199,6.3
1200,10.4
1201,16.4
1202,8.5
1203,24.1
1204,25.3
1205,10.5
1206,13.2
1207,4.8
1208,15.7
1209,9.5
1210,9.5
1211,6.8
1212,4.6
1213,13.6
1214,10.7
1215,12.1
1216,9.4
1217,19.0
1218,16.9
1219,5.6
1220,9.8
1221,8.4
1222,6.9
1223,10.4
1224,9.0
1225,21.0
1226,7.0
1227,14.0
1228,7.3
1229,5.6
1230,7.9
1231,16.1
1232,9.2
1233,3.1
1234,18.8
1235,9.8
1236,5.2
1237,6.5
1238,7.5
1239,10.3
1240,5.8
1241,10.2
1242,8.7
1243,6.3
1244,15.6
1245,13.1
1246,5.9
1247,10.9
1248,6.2
1249,8.1
1250,16.3
1251,6.3
1252,5.7
1253,4.9
1254,22.2
1255,7.6
1256,6.7
1257,7.2
1258,6.8
1259,8.0
1260,8.2
1261,11.1
1262,14.1
1263,6.9
1264,7.4
1265,5.7
1266,15.8
1267,22.0
1268,10.7
1269,9.0
1270,10.4
1271,11.5
1272,9.6
1273,9.5
1274,11.5
1275,14.4
1276,13.2
1277,6.6
1278,11.3
1279,7.8
1280,8.6
1281,8.2
1282,16.5
1283,15.9
1284,6.1
1285,20.7
1286,9.8
1287,16.3
1288,11.0
1289,6.3
1290,5.0
1291,5.6
1292,11.0
1293,17.4
1294,13.5
1295,7.1
1296,9.5
1297,12.5
1298,17.4
1299,8.9
1300,9.9
1301,7.6
1302,14.5
1303,10.2
1304,11.8
1305,7.8
1306,14.4
1307,10.9
1308,7.2
1309,7.9
1310,23.3
1311,9.9
1312,9.4
1313,17.4
1314,27.3
1315,12.5
1316,7.5
1317,24.4
1318,18.5
1319,7.5
1320,32.9
1321,11.7
1322,10.7
1323,7.3
1324,7.0
1325,11.4
1326,6.0
1327,10.1
1328,22.4
1329,4.8
1330,15.2
1331,12.3
1332,12.1
1333,8.7
1334,15.7
1335,6.1
1336,9.9
1337,11.6
1338,5.9
1339,5.0
1340,8.1
1341,6.3
1342,14.3
1343,5.3
1344,6.0
1345,5.2
1346,4.8
1347,3.1
1348,4.6
1349,6.4
1350,9.2
1351,14.9
1352,6.0
1353,12.2
1354,13.6
1355,15.2
1356,16.4
1357,10.2
1358,10.5
1359,16.7
1360,13.9
1361,7.4
1362,15.6
1363,4.9
1364,11.9
1365,3.9
1366,9.3
1367,6.6
1368,11.2
1369,26.4
1370,19.2
1371,9.4
1372,19.9
1373,6.0
1374,32.3
1375,26.8
1376,24.5
1377,15.8
1378,20.6
1379,17.6
1380,13.9
1381,18.4
1382,9.1
1383,31.0
1384,16.4
1385,5.1
1386,20.2
1387,9.6
1388,20.9
1389,11.8
1390,28.6
1391,13.6
1392,10.7
1393,5.4
1394,14.0
1395,11.0
1396,9.9
1397,13.7
1398,18.7
1399,8.2
1400,11.7
1401,11.6
1402,9.3
1403,9.8
1404,4.5
1405,11.1
1406,20.5
1407,19.8
1408,9.5
1409,6.1
1410,8.3
1411,6.4
1412,11.5
1413,5.5
1414,9.4
1415,14.0
1416,10.9
1417,9.8
1418,15.9
1419,9.0
1420,7.7
1421,9.0
1422,13.0
1423,28.3
1424,10.1
1425,8.8
1426,13.8
1427,5.2
1428,12.7
1429,7.1
1430,9.9
1431,6.2
1432,12.0
1433,12.0
1434,14.4
1435,10.8
1436,7.9
1437,10.6
1438,14.2
1439,8.9
1440,16.7
1441,9.3
1442,13.9
1443,9.0
1444,8.7
1445,24.2
1446,22.8
1447,27.8
1448,16.9
1449,23.1
1450,8.4
1451,13.6
1452,10.0
1453,9.5
1454,8.7
1455,6.0
1456,9.0
1457,23.6
1458,7.3
1459,8.8
1460,15.5
1461,5.6
1462,6.6
1463,5.4
1464,7.1
1465,10.1
1466,25.9
1467,17.0
1468,17.1
1469,14.9
1470,12.3
1471,13.0
1472,18.5
1473,19.7
1474,8.2
1475,8.0
1476,10.7
1477,21.5
1478,12.2
1479,5.0
1480,21.5
1481,6.4
1482,23.9
1483,8.1
1484,19.3
1485,7.5
1486,13.8
1487,10.2
1488,6.0
1489,10.9
1490,13.9
1491,13.5
1492,9.8
1493,17.9
1494,14.3
1495,8.3
1496,6.1
1497,23.5
1498,10.5
1499,8.3
1500,4.7
1501,10.6
1502,17.3
1503,10.8
1504,9.2
1505,5.1
1506,11.4
1507,11.6
1508,14.1
1509,19.6
1510,7.7
1511,18.8
1512,23.3
1513,5.0
1514,8.8
1515,7.3
1516,22.9
1517,14.3
1518,11.4
1519,12.1
1520,15.5
1521,12.8
1522,7.4
1523,6.7
1524,6.7
1525,6.7
1526,17.1
1527,10.2
1528,12.3
1529,24.9
1530,4.1
1531,8.7
1532,4.4
1533,17.5
1534,15.5
1535,11.0
1536,3.7
1537,6.6
1538,5.5
1539,19.7
1540,15.1
1541,6.4
1542,8.4
1543,8.1
1544,5.3
1545,10.0
1546,19.2
1547,5.8
1548,5.9
1549,10.6
1550,5.4
1551,4.8
1552,4.8
1553,6.6
1554,6.6
1555,4.7
1556,5.6
1557,10.5
1558,10.9
1559,22.4
1560,6.1
1561,9.4
1562,15.7
1563,6.8
1564,15.3
1565,7.0
1566,10.6
1567,12.7
1568,5.1
1569,4.9
1570,5.1
1571,9.8
1572,15.5
1573,10.9
1574,7.3
1575,14.8
1576,5.1
1577,10.7
1578,10.2
1579,17.1
1580,5.5
1581,5.2
1582,12.7
1583,6.8
1584,5.3
1585,9.2
1586,9.2
1587,16.4
1588,16.4
1589,12.5
1590,5.9
1591,8.6
1592,4.9
1593,10.1
1594,5.5
1595,32.6
1596,8.9
1597,15.7
1598,20.7
1599,4.4
1600,4.4
1601,4.4
1602,29.3
1603,29.3
1604,29.3
1605,9.8
1606,5.9
1607,5.4
1608,9.8
1609,4.5
1610,13.8
1611,9.7
1612,4.1
1613,15.8
1614,6.7
1615,22.6
1616,18.3
1617,7.5
1618,8.9
1619,5.1
1620,3.7
1621,16.5
1622,6.4
1623,6.1
1624,9.7
1625,9.7
1626,5.9
1627,10.3
1628,12.1
1629,7.9
1630,7.9
1631,16.3
1632,17.5
1633,7.4
1634,12.8
1635,6.9
1636,6.8
1637,12.3
1638,9.6
1639,3.8
1640,7.2
1641,30.5
1642,14.7
1643,14.8
1644,7.8
1645,19.9
1646,11.1
1647,6.0
1648,5.2
1649,13.9
1650,12.6
1651,3.3
1652,7.2
1653,4.9
1654,10.7
1655,17.7
1656,7.4
1657,7.0
1658,4.5
1659,10.7
1660,15.8
1661,9.5
1662,7.2
1663,13.6
1664,9.1
1665,14.2
1666,11.3
1667,8.0
1668,6.5
1669,3.7
1670,4.9
1671,10.1
1672,7.2
1673,7.0
1674,4.7
1675,13.5
1676,3.8
1677,10.9
1678,4.5
1679,11.5
1680,16.7
1681,16.7
1682,5.6
1683,5.6
1684,7.8
1685,11.8
1686,14.7
1687,9.9
1688,8.2
1689,8.6
1690,9.6
1691,17.1
1692,7.0
1693,7.7
1694,5.5
1695,9.3
1696,11.3
1697,12.3
1698,11.0
1699,14.9
1700,9.2
1701,19.5
1702,9.4
1703,5.1
1704,15.2
1705,6.1
1706,11.7
1707,8.9
1708,5.8
1709,7.1
1710,15.3
1711,12.2
1712,12.4
1713,10.5
1714,20.4
1715,12.7
1716,11.2
1717,10.0
1718,6.1
1719,20.1
1720,11.2
1721,6.4
1722,10.9
1723,11.9
1724,7.1
1725,9.1
1726,8.7
1727,6.2
1728,10.2
1729,19.8
1730,26.8
1731,7.2
1732,12.9
1733,15.6
1734,23.3
1735,9.3
1736,5.6
1737,11.0
1738,9.1
1739,11.7
1740,11.9
1741,7.2
1742,12.0
1743,9.9
1744,6.1
1745,8.3
1746,12.2
1747,33.0
1748,33.0
1749,33.0
1750,26.0
1751,26.0
1752,26.0
1753,4.9
1754,4.9
1755,4.9
1756,5.2
1757,8.3
1758,5.8
1759,4.0
1760,8.8
1761,5.3
1762,5.1
1763,6.9
1764,7.2
1765,6.0
1766,12.6
1767,9.8
1768,9.9
1769,17.5
1770,6.6
1771,6.6
1772,6.6
1773,7.0
1774,7.0
1775,7.0
1776,11.1
1777,7.3
1778,15.1
1779,19.8
1780,8.2
1781,32.5
1782,4.8
1783,7.4
1784,12.0
1785,22.8
1786,7.3
1787,8.8
1788,9.3
1789,9.4
1790,7.0
1791,14.0
1792,6.7
1793,12.9
1794,7.7
1795,10.9
1796,20.5
1797,11.7
1798,12.2
1799,7.6
1800,14.0
1801,10.3
1802,18.4
1803,7.8
1804,13.8
1805,12.0
1806,4.2
1807,25.9
1808,11.9
1809,14.5
1810,4.4
1811,20.4
1812,20.4
1813,10.2
1814,10.2
1815,7.6
1816,13.5
1817,27.1
1818,11.4
1819,7.8
1820,5.8
1821,15.6
1822,9.0
1823,18.2
1824,6.1
1825,6.2
1826,6.2
1827,6.2
1828,17.0
1829,10.7
1830,4.8
1831,15.7
1832,21.5
1833,9.9
1834,12.5
1835,7.0
1836,8.9
1837,25.3
1838,4.7
1839,15.7
1840,32.4
1841,4.7
1842,28.9
1843,11.4
1844,16.1
1845,4.0
1846,21.3
1847,11.9
1848,13.6
1849,14.1
1850,16.0
1851,6.5
1852,4.5
1853,4.5
1854,4.5
1855,7.1
1856,7.1
1857,7.1
1858,3.5
1859,9.3
1860,13.0
1861,5.6
1862,12.0
1863,6.8
1864,11.4
1865,23.5
1866,8.7
1867,11.8
1868,13.0
1869,10.4
1870,6.9
1871,6.3
1872,5.6
1873,6.6
1874,19.3
1875,16.7
1876,15.8
1877,15.8
1878,6.8
1879,6.8
1880,4.9
1881,8.5
1882,7.7
1883,6.3
1884,22.8
1885,6.1
1886,30.6
1887,14.2
1888,7.6
1889,9.8
1890,9.8
1891,8.2
1892,8.8
1893,21.6
1894,25.1
1895,25.1
1896,25.1
1897,10.2
1898,10.2
1899,10.2
1900,8.5
1901,12.0
1902,9.3
1903,7.1
1904,4.0
1905,12.5
1906,12.6
1907,7.4
1908,6.0
1909,20.9
1910,15.4
1911,3.4
1912,12.0
1913,14.7
1914,7.0
1915,10.4
1916,4.7
1917,11.2
1918,7.1
1919,14.7
1920,9.1
1921,14.9
1922,12.9
1923,5.4
1924,7.7
1925,6.8
1926,9.1
1927,8.2
1928,8.9
1929,19.0
1930,6.7
1931,8.8
1932,7.7
1933,14.9
1934,8.8
1935,6.0
1936,17.4
1937,5.1
1938,7.0
1939,13.3
1940,6.8
1941,12.7
1942,16.9
1943,6.6
1944,6.4
1945,8.5
1946,5.5
1947,7.0
1948,7.1
1949,28.4
1950,24.5
1951,7.4
1952,7.5
1953,15.9
1954,11.9
1955,5.2
1956,5.2
1957,5.7
1958,6.2
1959,6.0
1960,10.0
1961,18.9
1962,8.5
1963,5.1
1964,7.5
1965,6.1
1966,25.6
1967,12.7
1968,9.2
1969,4.3
1970,4.8
1971,10.9
1972,11.5
1973,4.9
1974,4.9
1975,10.9
1976,10.9
1977,8.0
1978,11.3
1979,7.0
1980,4.9
1981,5.3
1982,7.0
1983,8.1
1984,4.8
1985,7.2
1986,15.0
1987,11.9
1988,9.3
1989,7.2
1990,9.8
1991,5.7
1992,11.2
1993,11.0
1994,14.4
1995,12.3
1996,5.7
1997,16.7
1998,10.1
1999,23.2
2000,18.2
2001,6.8
2002,13.6
2003,8.8
2004,9.7
2005,4.9
2006,6.7
2007,13.2
2008,7.0
2009,10.4
2010,5.0
2011,7.2
2012,16.7
2013,7.5
2014,5.7
2015,3.9
2016,3.7
2017,7.0
2018,8.2
2019,10.1
2020,5.5
2021,12.8
2022,5.5
2023,19.8
2024,4.6
2025,15.0
2026,3.8
2027,8.8
2028,6.8
2029,6.0
2030,7.8
2031,9.8
2032,11.6
2033,7.6
2034,15.1
2035,7.0
2036,6.2
2037,9.9
2038,8.3
2039,10.1
2040,8.2
2041,19.6
2042,7.3
2043,10.1
2044,13.8
2045,7.5
2046,18.8
2047,13.4
2048,7.7
2049,9.1
2050,6.0
2051,9.0
2052,10.8
2053,9.8
2054,6.6
2055,8.9
2056,11.4
2057,9.0
2058,10.8
2059,10.4
2060,7.5
2061,7.3
2062,10.0
2063,7.3
2064,17.3
2065,10.4
2066,17.8
2067,7.5
2068,11.6
2069,17.6
2070,11.9
2071,11.9
2072,14.3
2073,19.0
2074,5.9
2075,6.3
2076,6.0
2077,12.0
2078,12.0
2079,12.0
2080,10.8
2081,10.8
2082,10.8
2083,22.6
2084,22.6
2085,22.6
2086,4.4
2087,10.1
2088,11.1
2089,7.0
2090,4.2
2091,5.4
2092,19.0
2093,12.7
2094,4.3
2095,4.7
2096,29.1
2097,10.1
2098,4.4
2099,6.4
2100,8.1
2101,14.2
2102,11.6
2103,10.5
2104,6.8
2105,9.8
2106,17.8
2107,8.1
2108,12.5
2109,9.0
2110,12.3
2111,12.0
2112,14.2
2113,4.5
2114,8.4
2115,22.4
2116,22.5
2117,9.8
2118,11.3
2119,9.4
2120,8.0
2121,8.0
2122,8.0
2123,6.4
2124,12.2
2125,4.8
2126,4.8
2127,4.8
2128,14.7
2129,14.7
2130,14.7
2131,9.1
2132,17.3
2133,8.9
2134,5.2
2135,10.0
2136,8.3
2137,16.2
2138,7.6
2139,4.3
2140,8.3
2141,13.3
2142,10.8
2143,14.5
2144,9.8
2145,25.2
2146,6.8
2147,11.3
2148,7.4
2149,7.4
2150,10.1
2151,6.6
2152,7.9
2153,15.4
2154,5.6
2155,15.6
2156,15.6
2157,18.6
2158,18.6
2159,8.4
2160,8.4
2161,23.3
2162,8.8
2163,16.4
2164,17.8
2165,10.4
2166,12.4
2167,15.1
2168,15.1
2169,6.6
2170,4.7
2171,12.2
2172,13.9
2173,15.9
2174,15.9
2175,15.9
2176,17.2
2177,17.2
2178,17.2
2179,7.0
2180,7.0
2181,7.0
2182,7.3
2183,10.4
2184,18.6
2185,8.4
2186,5.9
2187,11.4
2188,6.0
2189,5.3
2190,15.0
2191,6.0
2192,12.6
2193,11.8
2194,14.2
2195,4.2
2196,14.4
2197,20.4
2198,11.7
2199,12.1
2200,19.2
2201,4.1
2202,17.3
2203,10.4
2204,5.6
2205,14.1
2206,11.6
2207,7.1
2208,9.8
2209,4.8
2210,5.8
2211,11.8
2212,8.7
2213,15.9
2214,12.3
2215,11.5
2216,7.3
2217,7.3
2218,7.3
2219,7.6
2220,7.9
2221,12.2
2222,14.6
2223,4.4
2224,11.1
2225,12.5
2226,8.0
2227,26.9
2228,14.0
2229,12.5
2230,15.6
2231,11.1
2232,10.3
2233,11.6
2234,17.8
2235,8.8
2236,7.8
2237,5.9
2238,10.2
2239,16.2
2240,4.7
2241,11.9
2242,11.1
2243,7.8
2244,11.4
2245,9.4
2246,14.4
2247,9.6
2248,3.7
2249,6.0
2250,8.2
2251,9.2
2252,6.4
2253,13.9
2254,11.1
2255,19.6
2256,7.6
2257,7.0
2258,6.1
2259,13.4
2260,10.3
2261,13.9
2262,8.8
2263,13.2
2264,6.4
2265,8.6
2266,9.4
2267,15.7
2268,4.8
2269,14.5
2270,10.3
2271,8.5
2272,10.1
2273,13.6
2274,10.4
2275,10.9
2276,6.9
2277,7.6
2278,6.6
2279,10.2
2280,8.9
2281,15.5
2282,24.0
2283,6.3
2284,5.1
2285,6.4
2286,15.2
2287,14.1
2288,15.9
2289,6.5
2290,7.4
2291,24.6
2292,16.0
2293,15.4
2294,14.8
2295,10.9
2296,8.0
2297,10.0
2298,8.6
2299,7.9
2300,6.8
2301,5.6
2302,4.7
2303,14.7
2304,14.7
2305,5.4
2306,5.4
2307,6.1
2308,22.2
2309,6.6
2310,12.6
2311,9.1
2312,4.8
2313,6.7
2314,18.2
2315,9.8
2316,7.5
2317,13.3
2318,7.6
2319,6.6
2320,13.7
2321,12.4
2322,6.8
2323,15.3
2324,6.9
2325,5.2
2326,11.7
2327,11.0
2328,10.7
2329,11.7
2330,11.1
2331,14.1
2332,9.1
2333,6.8
2334,5.6
2335,9.9
2336,8.8
2337,7.0
2338,11.6
2339,7.3
2340,9.3
2341,5.6
2342,6.8
2343,19.0
2344,10.4
2345,11.3
2346,11.8
2347,3.6
2348,9.9
2349,4.1
2350,6.5
2351,8.6
2352,9.9
2353,21.2
2354,10.8
2355,12.0
2356,11.9
2357,10.8
2358,20.0
2359,14.4
2360,13.6
2361,8.2
2362,7.2
2363,3.9
2364,7.3
2365,14.1
2366,12.1
2367,13.3
2368,5.5
2369,4.4
2370,10.0
2371,12.7
2372,23.4
2373,11.5
2374,9.7
2375,15.7
2376,10.5
2377,11.0
2378,14.6
2379,8.6
2380,9.0
2381,17.5
2382,5.0
2383,9.5
2384,9.0
2385,9.0
2386,9.0
2387,4.9
2388,4.9
2389,4.9
2390,6.7
2391,12.0
2392,5.8
2393,7.2
2394,10.4
2395,12.5
2396,5.6
2397,11.6
2398,17.9
2399,17.9
2400,18.5
2401,18.5
2402,10.9
2403,10.7
2404,13.1
2405,6.8
2406,6.8
2407,12.4
2408,8.8
2409,7.5
2410,4.3
2411,5.2
2412,6.4
2413,8.1
2414,9.4
2415,6.8
2416,7.5
2417,5.5
2418,11.4
2419,8.8
2420,8.2
2421,7.9
2422,22.0
2423,5.4
2424,6.9
2425,10.1
2426,8.9
2427,5.7
2428,23.9
2429,23.9
2430,10.4
2431,10.2
2432,19.8
2433,6.5
2434,4.6
2435,9.7
2436,5.6
2437,9.5
2438,5.3
2439,19.0
2440,23.7
2441,6.4
2442,6.0
2443,5.9
2444,5.9
2445,4.4
2446,4.4
2447,4.4
2448,7.9
2449,7.9
2450,7.9
2451,16.5
2452,9.0
2453,9.1
2454,15.2
2455,6.5
2456,5.4
2457,22.5
2458,11.9
2459,16.8
2460,4.1
2461,7.7
2462,9.5
2463,5.6
2464,10.0
2465,8.4
2466,7.0
2467,13.8
2468,16.0
2469,9.5
2470,21.0
2471,4.3
2472,7.8
2473,18.6
2474,9.2
2475,8.1
2476,4.0
2477,4.5
2478,3.7
2479,5.0
2480,5.6
2481,15.5
2482,6.3
2483,7.3
2484,4.8
2485,5.7
2486,5.7
2487,5.8
2488,14.4
2489,11.4
2490,9.7
2491,11.8
2492,11.8
2493,11.8
2494,6.4
2495,6.4
2496,6.4
2497,8.7
2498,8.7
2499,8.7
2500,4.8
2501,8.8
2502,15.6
2503,15.6
2504,8.6
2505,12.8
2506,11.3
2507,22.7
2508,5.5
2509,15.7
2510,14.5
2511,6.9
2512,5.2
2513,14.5
2514,14.0
2515,6.4
2516,16.4
2517,8.5
2518,19.9
2519,7.4
2520,10.1
2521,10.2
2522,14.1
2523,13.3
2524,18.4
2525,5.7
2526,9.6
2527,9.8
2528,19.2
2529,4.7
2530,10.3
2531,7.5
2532,10.3
2533,7.4
2534,18.0
2535,18.0
2536,18.0
2537,20.9
2538,20.9
2539,20.9
2540,9.4
2541,8.7
2542,4.2
2543,6.3
2544,12.3
2545,19.8
2546,5.3
2547,4.4
2548,17.0
2549,9.9
2550,8.2
2551,8.2
2552,6.9
2553,6.9
2554,13.8
2555,10.8
2556,6.7
2557,16.7
2558,10.4
2559,8.1
2560,16.2
2561,17.6
2562,13.5
2563,7.6
2564,8.1
2565,5.9
2566,11.9
2567,7.6
2568,20.1
2569,8.8
2570,13.6
2571,6.7
2572,8.6
2573,11.5
2574,12.1
2575,8.5
2576,10.7
2577,6.9
2578,4.9
2579,6.0
2580,6.5
2581,7.3
2582,14.4
2583,6.3
2584,9.6
2585,10.5
2586,9.2
2587,3.9
2588,8.6
2589,5.1
2590,11.2
2591,8.8
2592,11.3
2593,8.5
2594,9.1
2595,16.0
2596,7.8
2597,5.3
2598,10.7
2599,16.8
2600,11.2
2601,13.6
2602,9.5
2603,7.1
2604,9.7
2605,12.2
2606,15.3
2607,20.5
2608,3.3
2609,6.5
2610,9.2
2611,6.7
2612,7.0
2613,4.7
2614,6.2
2615,15.8
2616,16.6
2617,5.4
2618,16.2
2619,13.1
2620,5.0
2621,6.2
2622,6.1
2623,3.9
2624,12.1
2625,7.9
2626,6.8
2627,8.2
2628,7.8
2629,11.6
2630,15.5
2631,9.1
2632,9.1
2633,9.1
2634,4.3
2635,11.3
2636,7.9
2637,4.1
2638,11.6
2639,6.8
2640,18.4
2641,18.4
2642,18.4
2643,9.8
2644,8.9
2645,9.5
2646,16.5
2647,16.5
2648,15.7
2649,11.4
2650,5.9
2651,5.1
2652,10.9
2653,20.1
2654,8.2
2655,5.2
2656,7.0
2657,10.4
2658,4.6
2659,7.1
2660,11.2
2661,7.9
2662,6.5
2663,12.5
2664,5.9
2665,5.9
2666,6.1
2667,4.6
2668,22.1
2669,15.4
2670,17.6
2671,9.1
2672,7.9
2673,16.1
2674,8.5
2675,27.4
2676,19.5
2677,7.0
2678,8.1
2679,4.9
2680,7.1
2681,6.1
2682,3.8
2683,8.1
2684,12.9
2685,4.7
2686,11.5
2687,5.8
2688,10.1
2689,13.5
2690,6.8
2691,20.3
2692,6.5
2693,6.0
2694,9.7
2695,14.9
2696,8.9
2697,21.7
2698,16.6
2699,4.3
2700,36.0
2701,8.6
2702,17.4
2703,14.4
2704,17.1
2705,13.5
2706,13.5
2707,7.0
2708,7.0
2709,13.6
2710,13.6
2711,11.3
2712,22.2
2713,15.6
2714,6.6
2715,7.2
2716,4.7
2717,10.8
2718,10.8
2719,10.8
2720,8.5
2721,8.5
2722,8.5
2723,9.1
2724,8.8
2725,7.2
2726,6.5
2727,3.9
2728,15.9
2729,5.9
2730,7.4
2731,13.4
2732,11.8
2733,8.3
2734,5.7
2735,9.7
2736,7.3
2737,7.1
2738,9.3
2739,38.8
2740,6.4
2741,9.8
2742,4.3
2743,5.4
2744,7.1
2745,14.9
2746,8.0
2747,6.9
2748,10.3
2749,12.0
2750,6.7
2751,9.0
2752,15.3
2753,6.5
2754,16.2
2755,7.6
2756,5.3
2757,6.4
2758,11.4
2759,6.5
2760,5.5
2761,12.0
2762,7.9
2763,18.4
2764,3.3
2765,11.5
2766,13.9
2767,6.1
2768,11.5
2769,10.8
2770,9.5
2771,12.1
2772,10.0
2773,10.0
2774,10.0
2775,11.4
2776,11.4
2777,11.4
2778,5.4
2779,5.4
2780,5.4
2781,13.8
2782,17.5
2783,6.7
2784,4.9
2785,4.5
2786,4.1
2787,6.1
2788,13.8
2789,5.4
2790,5.6
2791,28.2
2792,11.8
2793,23.2
2794,16.5
2795,6.8
2796,19.2
2797,11.1
2798,4.3
2799,5.4
2800,16.0
2801,5.0
2802,6.3
2803,25.3
2804,12.7
2805,22.8
2806,8.6
2807,7.6
2808,8.4
2809,8.4
2810,11.3
2811,18.8
2812,12.3
2813,14.6
2814,15.3
2815,7.7
2816,5.8
2817,9.8
2818,7.0
2819,15.9
2820,9.8
2821,6.4
2822,18.3
2823,6.8
2824,6.8
2825,12.3
2826,12.3
2827,12.8
2828,12.8
2829,5.2
2830,12.2
2831,12.8
2832,6.9
2833,12.4
2834,4.6
2835,10.7
2836,8.5
2837,16.1
2838,9.4
2839,8.2
2840,11.2
2841,12.7
2842,8.9
2843,8.2
2844,5.0
2845,10.0
2846,11.4
2847,5.2
2848,9.8
2849,7.1
2850,5.2
2851,6.1
2852,22.9
2853,8.6
2854,4.4
2855,9.0
2856,14.1
2857,6.8
2858,7.0
2859,6.3
2860,7.8
2861,7.8
2862,15.1
2863,15.8
2864,6.0
2865,17.9
2866,5.5
2867,7.4
2868,7.8
2869,3.0
2870,15.2
2871,6.1
2872,7.6
2873,10.0
2874,14.6
2875,7.3
2876,6.2
2877,11.6
2878,9.4
2879,4.7
2880,8.0
2881,5.5
2882,6.8
2883,9.9
2884,10.6
2885,7.9
2886,12.4
2887,9.8
2888,11.8
2889,9.7
2890,5.4
2891,5.0
2892,14.1
2893,10.7
2894,4.2
2895,10.8
2896,12.9
2897,13.4
2898,7.9
2899,9.0
2900,11.2
2901,15.9
2902,6.5
2903,13.8
2904,8.9
2905,8.2
2906,6.5
2907,11.9
2908,11.7
2909,7.5
2910,9.1
2911,5.2
2912,7.1
2913,13.0
2914,15.0
2915,17.7
2916,15.3
2917,6.6
2918,9.4
2919,13.0
2920,14.9
2921,21.6
2922,27.0
2923,8.4
2924,5.9
2925,12.5
2926,11.3
2927,6.7
2928,16.1
2929,6.3
2930,9.7
2931,5.9
2932,5.9
2933,12.0
2934,12.0
2935,5.9
2936,5.3
2937,13.3
2938,4.8
2939,11.6
2940,7.2
2941,6.0
2942,10.0
2943,10.7
2944,7.4
2945,13.6
2946,9.2
2947,14.2
2948,14.3
2949,14.6
2950,6.9
2951,6.9
2952,6.9
2953,11.5
2954,8.8
2955,8.6
2956,11.7
2957,9.1
2958,12.1
2959,13.3
2960,7.0
2961,11.6
2962,11.0
2963,5.0
2964,34.2
2965,4.9
2966,9.0
2967,16.6
2968,4.6
2969,15.7
2970,15.7
2971,5.4
2972,5.4
2973,10.2
2974,10.2
2975,4.8
2976,4.8
2977,21.6
2978,11.0
2979,10.0
2980,15.4
2981,11.6
2982,13.3
2983,15.0
2984,12.3
2985,19.9
2986,5.0
2987,9.0
2988,5.4
2989,16.5
2990,7.0
2991,12.1
2992,4.4
2993,13.2
2994,5.0
2995,23.1
2996,5.6
2997,10.8
2998,11.9
2999,7.7
3000,8.1
3001,14.2
3002,14.2
3003,14.2
3004,15.3
3005,4.9
3006,8.1
3007,15.5
3008,5.2
3009,5.2
3010,10.9
3011,18.8
3012,6.4
3013,10.1
3014,4.2
3015,9.2
3016,13.0
3017,10.5
3018,9.1
3019,17.4
3020,7.1
3021,4.9
3022,6.9
3023,13.0
3024,12.1
3025,11.1
3026,14.0
3027,5.9
3028,7.6
3029,10.8
3030,14.5
3031,26.6
3032,8.9
3033,11.0
3034,7.4
3035,4.2
3036,6.3
3037,12.3
3038,8.9
3039,8.9
3040,8.9
3041,19.3
3042,19.3
3043,19.3
3044,9.3
3045,5.5
3046,5.6
3047,4.6
3048,19.0
3049,7.4
3050,7.1
3051,7.1
3052,7.1
3053,13.0
3054,13.0
3055,13.0
3056,3.9
3057,5.0
3058,21.4
3059,5.8
3060,5.2
3061,4.8
3062,24.2
3063,13.6
3064,9.2
3065,12.3
3066,11.7
3067,8.1
3068,8.4
3069,14.2
3070,4.8
3071,19.9
3072,4.5
3073,17.1
3074,4.7
3075,10.2
3076,19.3
3077,8.2
3078,10.5
3079,21.3
3080,17.7
3081,29.5
3082,11.1
3083,4.1
3084,10.0
3085,5.9
3086,5.8
3087,4.6
3088,3.8
3089,12.1
3090,12.4
3091,9.3
3092,11.9
3093,11.9
3094,11.9
3095,9.0
3096,9.0
3097,9.0
3098,14.1
3099,6.1
3100,6.8
3101,3.6
3102,3.6
3103,3.6
3104,4.3
3105,10.0
3106,5.1
3107,10.7
3108,4.8
3109,4.8
3110,9.7
3111,13.1
3112,6.6
3113,13.6
3114,8.4
3115,12.7
3116,8.2
3117,6.9
3118,11.7
3119,17.7
3120,5.4
3121,14.0
3122,10.3
3123,7.0
3124,10.6
3125,9.2
3126,7.9
3127,6.6
3128,5.4
3129,7.2
3130,16.5
3131,6.1
3132,7.2
3133,6.1
3134,4.9
3135,4.9
3136,4.9
3137,13.3
3138,8.4
3139,5.4
3140,7.5
3141,10.8
3142,13.0
3143,5.4
3144,5.5
3145,5.9
3146,11.3
3147,9.3
